order_id,customer_id,order_date,sku_id,category,quantity,payment_mode,order_amount_inr,pincode,customer_contact
ord_000001,cus_0421,2026-01-01T14:20:01+05:30,sku_BEA_003,BEAUTY,1,COD,546.00,673268,
ord_000002,cus_0388,2026-01-01T21:24:02+05:30,sku_ELE_004,ELECTRONICS,2,PREPAID,3236.00,150883,
ord_000003,cus_0226,2026-01-01T23:35:41+05:30,sku_FAS_012,FASHION,1,COD,1505.00,173130,
ord_000004,cus_0201,2026-01-02T06:33:38+05:30,sku_FAS_002,FASHION,2,PREPAID,2684.00,139058,
ord_000005,cus_0224,2026-01-03T03:37:40+05:30,sku_FAS_011,FASHION,1,COD,928.00,621801,
ord_000006,cus_0266,2026-01-03T14:22:50+05:30,sku_BEA_001,BEAUTY,1,PREPAID,465.00,551386,
ord_000007,cus_0151,2026-01-03T14:34:15+05:30,sku_LIF_004,LIFESTYLE,1,COD,654.00,673268,
ord_000008,cus_0400,2026-01-03T16:42:33+05:30,sku_FAS_006,FASHION,1,COD,509.00,431651,
ord_000009,cus_0143,2026-01-03T17:33:42+05:30,sku_FAS_016,FASHION,1,COD,1218.00,417062,
ord_000010,cus_0395,2026-01-04T04:53:32+05:30,sku_FAS_003,FASHION,1,COD,1158.00,139058,
ord_000011,cus_0298,2026-01-04T09:28:49+05:30,sku_FAS_001,FASHION,1,COD,845.00,265368,
ord_000012,cus_0415,2026-01-04T09:39:14+05:30,sku_BEA_003,BEAUTY,1,COD,1045.00,207665,
ord_000013,cus_0372,2026-01-04T14:10:04+05:30,sku_FAS_004,FASHION,2,COD,3266.00,464710,
ord_000014,cus_0028,2026-01-04T21:27:42+05:30,sku_FAS_003,FASHION,1,COD,689.00,673268,
ord_000015,cus_0116,2026-01-04T22:21:14+05:30,sku_ELE_006,ELECTRONICS,1,PREPAID,3625.00,460352,
ord_000016,cus_0041,2026-01-05T01:38:21+05:30,sku_BEA_006,BEAUTY,1,COD,924.00,793325,
ord_000017,cus_0197,2026-01-05T04:05:38+05:30,sku_BEA_003,BEAUTY,1,PREPAID,1056.00,373290,
ord_000018,cus_0417,2026-01-05T09:46:33+05:30,sku_BEA_007,BEAUTY,2,PREPAID,1568.00,522737,
ord_000019,cus_0178,2026-01-05T09:59:55+05:30,sku_FAS_019,FASHION,1,PREPAID,936.00,452814,
ord_000020,cus_0252,2026-01-05T17:22:32+05:30,sku_BEA_012,BEAUTY,1,COD,824.00,667775,
ord_000021,cus_0108,2026-01-05T17:47:16+05:30,sku_FAS_011,FASHION,1,COD,1107.00,207665,
ord_000022,cus_0442,2026-01-06T01:29:59+05:30,sku_BEA_001,BEAUTY,2,COD,910.00,461738,
ord_000023,cus_0302,2026-01-06T04:21:01+05:30,sku_BEA_001,BEAUTY,1,PREPAID,461.00,464710,
ord_000024,cus_0057,2026-01-06T12:50:22+05:30,sku_FAS_005,FASHION,1,COD,963.00,371816,
ord_000025,cus_0060,2026-01-06T15:15:13+05:30,sku_BEA_002,BEAUTY,1,COD,395.00,431662,
ord_000026,cus_0311,2026-01-06T18:44:08+05:30,sku_FAS_013,FASHION,1,PREPAID,928.00,371816,
ord_000027,cus_0211,2026-01-06T22:52:32+05:30,sku_ELE_010,ELECTRONICS,1,COD,2503.00,792303,
ord_000028,cus_0183,2026-01-06T23:48:53+05:30,sku_FAS_006,FASHION,1,COD,1707.00,667219,
ord_000029,cus_0435,2026-01-07T02:43:17+05:30,sku_FAS_002,FASHION,2,COD,2302.00,213637,
ord_000030,cus_0347,2026-01-07T04:05:00+05:30,sku_ELE_012,ELECTRONICS,1,COD,4401.00,598445,
ord_000031,cus_0365,2026-01-07T04:51:46+05:30,sku_FAS_009,FASHION,1,PREPAID,1104.00,248409,
ord_000032,cus_0107,2026-01-07T05:27:55+05:30,sku_ELE_018,ELECTRONICS,1,COD,3710.00,386687,
ord_000033,cus_0292,2026-01-07T05:40:35+05:30,sku_FAS_002,FASHION,1,COD,847.00,,
ord_000034,cus_0408,2026-01-07T12:15:31+05:30,sku_BEA_015,BEAUTY,1,COD,300.00,436711,
ord_000035,cus_0153,2026-01-07T15:20:26+05:30,sku_ELE_018,ELECTRONICS,1,PREPAID,4108.00,583341,
ord_000036,cus_0155,2026-01-07T19:28:39+05:30,sku_FAS_014,FASHION,1,COD,480.00,140317,
ord_000037,cus_0117,2026-01-07T20:46:48+05:30,sku_FAS_002,FASHION,1,COD,1283.00,701575,
ord_000038,cus_0036,2026-01-08T09:14:48+05:30,sku_ELE_006,ELECTRONICS,2,COD,5632.00,742787,
ord_000039,cus_0293,2026-01-08T09:28:25+05:30,sku_FAS_002,FASHION,1,PREPAID,517.00,793325,
ord_000040,cus_0343,2026-01-08T14:08:21+05:30,sku_BEA_008,BEAUTY,2,COD,918.00,565499,
ord_000041,cus_0103,2026-01-08T14:39:45+05:30,sku_FAS_001,FASHION,1,COD,630.00,332892,
ord_000042,cus_0017,2026-01-08T17:12:36+05:30,sku_FAS_006,FASHION,1,COD,1158.00,458093,
ord_000043,cus_0225,2026-01-08T20:32:50+05:30,sku_FAS_002,FASHION,1,PREPAID,1295.00,611466,
ord_000044,cus_0241,2026-01-08T21:39:04+05:30,sku_BEA_005,BEAUTY,2,PARTIAL_COD,682.00,416852,
ord_000045,cus_0046,2026-01-08T23:23:49+05:30,sku_FAS_008,FASHION,1,COD,1619.00,280772,
ord_000046,cus_0277,2026-01-09T03:17:50+05:30,sku_ELE_005,ELECTRONICS,1,COD,3941.00,491864,
ord_000047,cus_0257,2026-01-09T11:28:20+05:30,sku_LIF_002,LIFESTYLE,1,PREPAID,397.00,785334,
ord_000048,cus_0002,2026-01-09T13:02:54+05:30,sku_FAS_018,FASHION,1,COD,1838.00,673280,
ord_000049,cus_0100,2026-01-09T14:10:03+05:30,sku_BEA_009,BEAUTY,2,COD,538.00,673268,
ord_000050,cus_0392,2026-01-09T15:44:02+05:30,sku_ELE_004,ELECTRONICS,1,COD,4742.00,452814,
ord_000051,cus_0440,2026-01-09T21:17:13+05:30,sku_LIF_011,LIFESTYLE,1,PREPAID,640.00,431662,
ord_000052,cus_0366,2026-01-09T21:50:19+05:30,sku_ELE_005,ELECTRONICS,1,COD,3294.00,667775,
ord_000053,cus_0294,2026-01-09T23:37:33+05:30,sku_ELE_004,ELECTRONICS,1,PREPAID,2389.00,431662,
ord_000054,cus_0323,2026-01-10T00:23:27+05:30,sku_LIF_016,LIFESTYLE,1,COD,1072.00,478303,
ord_000055,cus_0316,2026-01-10T07:16:30+05:30,sku_FAS_001,FASHION,1,PREPAID,773.00,113633,
ord_000056,cus_0325,2026-01-10T11:32:25+05:30,sku_BEA_001,BEAUTY,1,PREPAID,635.00,148311,
ord_000057,cus_0062,2026-01-10T12:25:08+05:30,sku_LIF_015,LIFESTYLE,1,COD,504.00,118138,
ord_000058,cus_0327,2026-01-10T15:26:04+05:30,sku_BEA_006,BEAUTY,1,COD,1135.00,431662,
ord_000059,cus_0185,2026-01-10T16:41:18+05:30,sku_FAS_017,FASHION,1,PREPAID,1070.00,539253,
ord_000060,cus_0204,2026-01-10T21:17:00+05:30,sku_FAS_007,FASHION,1,PREPAID,913.00,532921,
ord_000061,cus_0203,2026-01-10T23:00:43+05:30,sku_ELE_006,ELECTRONICS,1,PREPAID,3997.00,761872,
ord_000062,cus_0219,2026-01-11T07:19:29+05:30,sku_FAS_003,FASHION,1,COD,1794.00,464710,
ord_000063,cus_0251,2026-01-11T09:50:07+05:30,sku_FAS_003,FASHION,1,COD,1048.00,541242,
ord_000064,cus_0374,2026-01-11T11:56:17+05:30,sku_FAS_002,FASHION,1,COD,1542.00,345280,
ord_000065,cus_0080,2026-01-11T13:06:00+05:30,sku_FAS_003,FASHION,1,COD,652.00,439879,
ord_000066,cus_0096,2026-01-11T15:31:32+05:30,sku_LIF_008,LIFESTYLE,2,PREPAID,1092.00,739612,
ord_000067,cus_0196,2026-01-11T15:43:28+05:30,sku_FAS_009,FASHION,1,COD,1284.00,793325,
ord_000068,cus_0304,2026-01-11T18:21:43+05:30,sku_BEA_002,BEAUTY,2,COD,784.00,667775,
ord_000069,cus_0014,2026-01-12T06:59:34+05:30,sku_FAS_014,FASHION,1,COD,527.00,478303,
ord_000070,cus_0065,2026-01-12T09:51:55+05:30,sku_LIF_009,LIFESTYLE,2,PREPAID,1410.00,795288,
ord_000071,cus_0218,2026-01-12T12:35:18+05:30,sku_FAS_009,FASHION,1,PARTIAL_COD,987.00,676562,
ord_000072,cus_0097,2026-01-12T19:56:10+05:30,sku_FAS_012,FASHION,2,PREPAID,1280.00,207665,
ord_000073,cus_0091,2026-01-12T23:05:33+05:30,sku_LIF_010,LIFESTYLE,1,PREPAID,476.00,458093,
ord_000074,cus_0334,2026-01-12T23:38:12+05:30,sku_FAS_001,FASHION,1,COD,1293.00,134617,
ord_000075,cus_0410,2026-01-13T04:05:57+05:30,sku_FAS_002,FASHION,1,PREPAID,544.00,553829,
ord_000076,cus_0297,2026-01-13T10:12:15+05:30,sku_FAS_009,FASHION,1,PREPAID,1015.00,758397,
ord_000077,cus_0039,2026-01-13T10:50:24+05:30,sku_FAS_011,FASHION,1,PREPAID,1114.00,112577,
ord_000078,cus_0286,2026-01-13T16:39:22+05:30,sku_FAS_006,FASHION,1,COD,1683.00,508955,
ord_000079,cus_0133,2026-01-13T20:01:18+05:30,sku_ELE_006,ELECTRONICS,1,PREPAID,2703.00,319063,
ord_000080,cus_0225,2026-01-13T21:16:21+05:30,sku_FAS_007,FASHION,1,PREPAID,631.00,611466,
ord_000081,cus_0330,2026-01-13T21:49:23+05:30,sku_ELE_014,ELECTRONICS,1,COD,4296.00,711206,
ord_000082,cus_0432,2026-01-13T23:14:55+05:30,sku_FAS_008,FASHION,1,PREPAID,357.00,417062,
ord_000083,cus_0436,2026-01-13T23:15:49+05:30,sku_FAS_025,FASHION,1,COD,628.00,460352,
ord_000084,cus_0035,2026-01-13T23:48:19+05:30,sku_FAS_003,FASHION,1,PREPAID,1720.00,113633,
ord_000085,cus_0425,2026-01-14T00:25:11+05:30,sku_BEA_002,BEAUTY,1,PREPAID,463.00,796809,
ord_000086,cus_0096,2026-01-14T11:21:19+05:30,sku_BEA_001,BEAUTY,2,PREPAID,742.00,739612,
ord_000087,cus_0372,2026-01-14T12:49:59+05:30,sku_LIF_011,LIFESTYLE,2,COD,1188.00,464710,
ord_000088,cus_0090,2026-01-14T15:49:30+05:30,sku_LIF_022,LIFESTYLE,1,PREPAID,1096.00,682698,
ord_000089,cus_0357,2026-01-14T18:29:47+05:30,sku_ELE_001,ELECTRONICS,1,COD,7510.00,607440,
ord_000090,cus_0275,2026-01-14T23:56:54+05:30,sku_LIF_008,LIFESTYLE,1,COD,611.00,439879,
ord_000091,cus_0262,2026-01-15T16:53:21+05:30,sku_BEA_002,BEAUTY,1,COD,455.00,685125,
ord_000092,cus_0098,2026-01-15T20:00:49+05:30,sku_ELE_001,ELECTRONICS,1,COD,6874.00,431651,
ord_000093,cus_0287,2026-01-15T20:42:37+05:30,sku_FAS_003,FASHION,1,COD,1067.00,386687,
ord_000094,cus_0354,2026-01-15T22:12:20+05:30,sku_BEA_008,BEAUTY,1,COD,595.00,213637,
ord_000095,cus_0003,2026-01-16T06:05:44+05:30,sku_BEA_025,BEAUTY,1,COD,642.00,265698,
ord_000096,cus_0293,2026-01-16T11:21:53+05:30,sku_ELE_024,ELECTRONICS,2,PREPAID,8196.00,793325,
ord_000097,cus_0304,2026-01-16T14:48:23+05:30,sku_LIF_014,LIFESTYLE,1,COD,656.00,667775,
ord_000098,cus_0291,2026-01-16T17:13:08+05:30,sku_FAS_007,FASHION,1,COD,1152.00,587467,
ord_000099,cus_0360,2026-01-16T18:00:17+05:30,sku_FAS_017,FASHION,1,PREPAID,469.00,795288,
ord_000100,cus_0170,2026-01-17T05:14:54+05:30,sku_FAS_004,FASHION,1,COD,1549.00,377461,
ord_000101,cus_0373,2026-01-17T07:29:39+05:30,sku_FAS_025,FASHION,1,COD,1198.00,711206,
ord_000102,cus_0101,2026-01-17T14:41:27+05:30,sku_ELE_014,ELECTRONICS,2,PREPAID,2822.00,778573,
ord_000103,cus_0148,2026-01-18T10:54:02+05:30,sku_FAS_008,FASHION,1,COD,566.00,431651,
ord_000104,cus_0426,2026-01-18T12:25:45+05:30,sku_LIF_001,LIFESTYLE,2,COD,1270.00,511903,
ord_000105,cus_0035,2026-01-18T15:31:45+05:30,sku_FAS_002,FASHION,1,PREPAID,1076.00,113633,
ord_000106,cus_0003,2026-01-18T17:46:48+05:30,sku_BEA_025,BEAUTY,1,PREPAID,577.00,265698,
ord_000107,cus_0179,2026-01-18T21:56:05+05:30,sku_FAS_006,FASHION,1,COD,1238.00,436711,
ord_000108,cus_0138,2026-01-18T23:18:16+05:30,sku_BEA_025,BEAUTY,1,COD,735.00,280772,
ord_000109,cus_0087,2026-01-19T01:04:53+05:30,sku_BEA_001,BEAUTY,2,COD,718.00,517094,
ord_000110,cus_0219,2026-01-19T06:26:12+05:30,sku_FAS_021,FASHION,1,COD,920.00,464710,
ord_000111,cus_0319,2026-01-19T13:23:35+05:30,sku_FAS_003,FASHION,1,COD,295.00,454800,
ord_000112,cus_0013,2026-01-19T16:28:02+05:30,sku_FAS_005,FASHION,1,PREPAID,1334.00,373290,
ord_000113,cus_0166,2026-01-20T06:50:08+05:30,sku_FAS_003,FASHION,1,PREPAID,1088.00,778573,
ord_000114,cus_0118,2026-01-20T10:07:17+05:30,sku_FAS_011,FASHION,1,PREPAID,1701.00,265698,
ord_000115,cus_0104,2026-01-20T10:40:19+05:30,sku_LIF_007,LIFESTYLE,1,COD,517.00,583341,
ord_000116,cus_0137,2026-01-20T10:47:19+05:30,sku_LIF_004,LIFESTYLE,1,PREPAID,945.00,452814,
ord_000117,cus_0039,2026-01-20T13:33:55+05:30,sku_FAS_010,FASHION,1,COD,582.00,112577,
ord_000118,cus_0122,2026-01-20T14:58:20+05:30,sku_FAS_001,FASHION,1,COD,518.00,567918,
ord_000119,cus_0303,2026-01-20T18:12:44+05:30,sku_FAS_005,FASHION,1,COD,537.00,553829,
ord_000120,cus_0013,2026-01-20T20:59:31+05:30,sku_FAS_005,FASHION,1,PREPAID,619.00,373290,
ord_000121,cus_0231,2026-01-20T21:48:31+05:30,sku_LIF_013,LIFESTYLE,1,PREPAID,809.00,417062,
ord_000122,cus_0167,2026-01-21T00:10:12+05:30,sku_BEA_020,BEAUTY,1,PREPAID,310.00,645134,
ord_000123,cus_0110,2026-01-21T02:43:11+05:30,sku_BEA_003,BEAUTY,1,COD,937.00,431651,
ord_000124,cus_0027,2026-01-21T05:31:09+05:30,sku_BEA_014,BEAUTY,1,COD,747.00,285836,
ord_000125,cus_0002,2026-01-21T12:25:40+05:30,sku_FAS_004,FASHION,1,COD,982.00,673280,
ord_000126,cus_0030,2026-01-21T12:54:58+05:30,sku_FAS_008,FASHION,1,COD,1680.00,140317,
ord_000127,cus_0110,2026-01-21T21:25:05+05:30,sku_BEA_002,BEAUTY,1,COD,536.00,431651,
ord_000128,cus_0149,2026-01-21T22:46:26+05:30,sku_FAS_003,FASHION,2,COD,1094.00,417062,
ord_000129,cus_0130,2026-01-22T03:43:02+05:30,sku_LIF_003,LIFESTYLE,1,COD,741.00,673268,
ord_000130,cus_0227,2026-01-22T11:48:42+05:30,sku_FAS_016,FASHION,1,COD,1394.00,511903,
ord_000131,cus_0124,2026-01-22T13:53:10+05:30,sku_LIF_003,LIFESTYLE,2,COD,1268.00,478303,
ord_000132,cus_0278,2026-01-22T15:40:05+05:30,sku_FAS_001,FASHION,1,COD,994.00,717397,
ord_000133,cus_0296,2026-01-22T16:46:50+05:30,sku_LIF_006,LIFESTYLE,2,COD,2140.00,359266,
ord_000134,cus_0292,2026-01-22T19:30:47+05:30,sku_FAS_004,FASHION,1,COD,1067.00,112577,
ord_000135,cus_0265,2026-01-22T23:58:59+05:30,sku_LIF_008,LIFESTYLE,2,COD,1844.00,779417,
ord_000136,cus_0430,2026-01-23T01:02:19+05:30,sku_FAS_001,FASHION,1,COD,845.00,439879,
ord_000137,cus_0086,2026-01-23T02:03:23+05:30,sku_FAS_006,FASHION,1,PREPAID,1201.00,607440,
ord_000138,cus_0038,2026-01-23T03:03:44+05:30,sku_FAS_017,FASHION,1,COD,683.00,583341,
ord_000139,cus_0167,2026-01-23T03:59:03+05:30,sku_BEA_001,BEAUTY,2,PREPAID,964.00,645134,
ord_000140,cus_0004,2026-01-23T07:12:50+05:30,sku_BEA_006,BEAUTY,2,COD,1514.00,319063,
ord_000141,cus_0030,2026-01-23T07:25:44+05:30,sku_FAS_008,FASHION,1,PREPAID,1713.00,140317,
ord_000142,cus_0032,2026-01-23T11:45:49+05:30,sku_ELE_022,ELECTRONICS,1,PREPAID,2259.00,508955,
ord_000143,cus_0029,2026-01-23T20:11:39+05:30,sku_BEA_003,BEAUTY,1,PREPAID,358.00,795288,
ord_000144,cus_0424,2026-01-24T00:37:23+05:30,sku_LIF_004,LIFESTYLE,2,PREPAID,1842.00,522841,
ord_000145,cus_0019,2026-01-24T00:51:05+05:30,sku_FAS_004,FASHION,1,PREPAID,1101.00,541242,
ord_000146,cus_0122,2026-01-24T01:12:42+05:30,sku_FAS_006,FASHION,1,PREPAID,1153.00,567918,
ord_000147,cus_0052,2026-01-24T03:23:00+05:30,sku_FAS_020,FASHION,1,PREPAID,734.00,192156,
ord_000148,cus_0135,2026-01-24T08:00:18+05:30,sku_ELE_006,ELECTRONICS,1,PREPAID,2638.00,645134,
ord_000149,cus_0153,2026-01-24T12:52:28+05:30,sku_ELE_020,ELECTRONICS,1,COD,1705.00,583341,
ord_000150,cus_0310,2026-01-24T18:08:29+05:30,sku_BEA_005,BEAUTY,1,PREPAID,484.00,439879,
ord_000151,cus_0217,2026-01-24T19:51:36+05:30,sku_BEA_003,BEAUTY,1,COD,345.00,139058,
ord_000152,cus_0069,2026-01-24T22:17:27+05:30,sku_BEA_003,BEAUTY,2,PREPAID,680.00,656870,
ord_000153,cus_0049,2026-01-25T06:48:03+05:30,sku_ELE_025,ELECTRONICS,1,COD,2730.00,553829,
ord_000154,cus_0173,2026-01-25T12:05:03+05:30,sku_FAS_001,FASHION,1,COD,1064.00,607440,
ord_000155,cus_0102,2026-01-25T17:43:23+05:30,sku_FAS_002,FASHION,1,PREPAID,1819.00,587467,
ord_000156,cus_0108,2026-01-26T06:34:54+05:30,sku_ELE_005,ELECTRONICS,2,COD,10342.00,207665,
ord_000157,cus_0286,2026-01-26T08:59:41+05:30,sku_FAS_019,FASHION,1,COD,608.00,508955,
ord_000158,cus_0046,2026-01-26T15:55:03+05:30,sku_BEA_005,BEAUTY,2,PREPAID,1508.00,280772,
ord_000159,cus_0036,2026-01-26T20:13:30+05:30,sku_LIF_007,LIFESTYLE,1,PREPAID,1344.00,742787,
ord_000160,cus_0115,2026-01-26T21:10:13+05:30,sku_FAS_002,FASHION,1,PREPAID,856.00,758397,
ord_000161,cus_0066,2026-01-26T23:13:18+05:30,sku_FAS_019,FASHION,1,PARTIAL_COD,522.00,118138,
ord_000162,cus_0026,2026-01-26T23:49:48+05:30,sku_FAS_007,FASHION,1,COD,995.00,332892,
ord_000163,cus_0382,2026-01-27T03:36:55+05:30,sku_LIF_003,LIFESTYLE,1,PREPAID,453.00,302087,
ord_000164,cus_0401,2026-01-27T04:14:00+05:30,sku_ELE_001,ELECTRONICS,1,PREPAID,2312.00,717397,
ord_000165,cus_0382,2026-01-27T04:14:53+05:30,sku_FAS_004,FASHION,1,COD,562.00,302087,
ord_000166,cus_0422,2026-01-27T06:12:26+05:30,sku_FAS_005,FASHION,1,PREPAID,1821.00,386687,
ord_000167,cus_0174,2026-01-27T11:39:43+05:30,sku_ELE_005,ELECTRONICS,1,COD,1767.00,795288,
ord_000168,cus_0432,2026-01-27T14:28:22+05:30,sku_LIF_016,LIFESTYLE,1,COD,447.00,417062,
ord_000169,cus_0415,2026-01-27T16:14:21+05:30,sku_BEA_012,BEAUTY,1,COD,489.00,207665,
ord_000170,cus_0090,2026-01-27T17:08:34+05:30,sku_LIF_001,LIFESTYLE,1,PREPAID,1160.00,682698,
ord_000171,cus_0182,2026-01-27T22:55:10+05:30,sku_LIF_005,LIFESTYLE,1,COD,536.00,417062,
ord_000172,cus_0150,2026-01-27T23:03:24+05:30,sku_ELE_006,ELECTRONICS,1,COD,2551.00,461474,
ord_000173,cus_0125,2026-01-27T23:55:41+05:30,sku_ELE_009,ELECTRONICS,2,COD,2146.00,551386,
ord_000174,cus_0312,2026-01-28T00:16:12+05:30,sku_ELE_013,ELECTRONICS,1,COD,2002.00,278689,
ord_000175,cus_0233,2026-01-28T13:56:55+05:30,sku_LIF_002,LIFESTYLE,1,COD,579.00,417062,
ord_000176,cus_0421,2026-01-29T03:29:22+05:30,sku_BEA_002,BEAUTY,2,COD,288.00,673268,
ord_000177,cus_0236,2026-01-29T06:42:15+05:30,sku_BEA_004,BEAUTY,1,PREPAID,673.00,112577,
ord_000178,cus_0039,2026-01-29T09:47:08+05:30,sku_FAS_006,FASHION,1,COD,1590.00,112577,
ord_000179,cus_0062,2026-01-29T10:16:22+05:30,sku_LIF_006,LIFESTYLE,1,COD,1594.00,118138,
ord_000180,cus_0426,2026-01-29T13:20:35+05:30,sku_LIF_005,LIFESTYLE,1,COD,821.00,511903,
ord_000181,cus_0363,2026-01-29T14:41:03+05:30,sku_FAS_011,FASHION,1,COD,840.00,278689,
ord_000182,cus_0025,2026-01-29T15:24:50+05:30,sku_LIF_015,LIFESTYLE,1,PREPAID,434.00,795288,
ord_000183,cus_0104,2026-01-29T16:49:43+05:30,sku_FAS_003,FASHION,1,PREPAID,1315.00,583341,
ord_000184,cus_0108,2026-01-30T01:44:44+05:30,sku_ELE_003,ELECTRONICS,1,COD,1361.00,207665,
ord_000185,cus_0143,2026-01-30T08:28:47+05:30,sku_FAS_002,FASHION,2,PREPAID,2730.00,417062,
ord_000186,cus_0330,2026-01-30T15:07:16+05:30,sku_ELE_001,ELECTRONICS,1,PREPAID,1620.00,711206,
ord_000187,cus_0303,2026-01-30T16:46:15+05:30,sku_FAS_008,FASHION,2,COD,908.00,553829,
ord_000188,cus_0159,2026-01-30T18:11:36+05:30,sku_FAS_002,FASHION,2,PARTIAL_COD,976.00,464710,
ord_000189,cus_0384,2026-01-30T20:22:22+05:30,sku_BEA_006,BEAUTY,1,COD,710.00,265368,
ord_000190,cus_0319,2026-01-31T00:20:29+05:30,sku_FAS_012,FASHION,1,PREPAID,1574.00,454800,
ord_000191,cus_0201,2026-01-31T05:23:20+05:30,sku_FAS_008,FASHION,1,COD,1205.00,139058,
ord_000192,cus_0164,2026-01-31T10:30:11+05:30,sku_FAS_001,FASHION,1,PREPAID,724.00,431662,
ord_000193,cus_0074,2026-01-31T12:30:55+05:30,sku_ELE_005,ELECTRONICS,1,COD,1125.00,377461,
ord_000194,cus_0355,2026-01-31T13:48:55+05:30,sku_FAS_004,FASHION,1,PREPAID,2264.00,416852,
ord_000195,cus_0282,2026-01-31T20:15:20+05:30,sku_FAS_025,FASHION,1,COD,1078.00,345673,
ord_000196,cus_0415,2026-01-31T20:41:51+05:30,sku_FAS_016,FASHION,1,COD,1578.00,207665,
ord_000197,cus_0427,2026-01-31T21:56:29+05:30,sku_FAS_008,FASHION,1,COD,500.00,452814,
ord_000198,cus_0376,2026-02-01T08:24:21+05:30,sku_FAS_009,FASHION,1,COD,867.00,685125,
ord_000199,cus_0132,2026-02-01T12:57:01+05:30,sku_FAS_025,FASHION,1,COD,616.00,491864,
ord_000200,cus_0047,2026-02-01T13:45:39+05:30,sku_LIF_005,LIFESTYLE,1,COD,566.00,478303,
ord_000201,cus_0347,2026-02-01T15:20:28+05:30,sku_BEA_003,BEAUTY,2,COD,506.00,598445,
ord_000202,cus_0246,2026-02-01T17:50:40+05:30,sku_ELE_006,ELECTRONICS,1,PREPAID,1765.00,317082,
ord_000203,cus_0231,2026-02-01T22:33:17+05:30,sku_LIF_010,LIFESTYLE,2,PREPAID,1126.00,417062,
ord_000204,cus_0367,2026-02-01T22:35:57+05:30,sku_FAS_014,FASHION,2,PREPAID,3302.00,541242,
ord_000205,cus_0009,2026-02-02T10:59:28+05:30,sku_BEA_004,BEAUTY,1,PREPAID,446.00,582004,
ord_000206,cus_0430,2026-02-02T12:31:14+05:30,sku_FAS_014,FASHION,2,PREPAID,1908.00,439879,
ord_000207,cus_0076,2026-02-02T14:05:40+05:30,sku_LIF_011,LIFESTYLE,1,COD,1159.00,593131,
ord_000208,cus_0046,2026-02-02T18:47:41+05:30,sku_FAS_005,FASHION,1,PREPAID,1376.00,280772,
ord_000209,cus_0309,2026-02-03T00:55:14+05:30,sku_LIF_007,LIFESTYLE,1,COD,547.00,345673,
ord_000210,cus_0079,2026-02-03T04:04:06+05:30,sku_BEA_025,BEAUTY,1,COD,316.00,371748,
ord_000211,cus_0256,2026-02-03T04:36:47+05:30,sku_FAS_003,FASHION,2,COD,1952.00,278689,
ord_000212,cus_0312,2026-02-03T07:39:19+05:30,sku_ELE_004,ELECTRONICS,1,COD,3422.00,278689,
ord_000213,cus_0399,2026-02-03T07:50:40+05:30,sku_BEA_001,BEAUTY,2,PREPAID,1442.00,645134,
ord_000214,cus_0256,2026-02-03T09:48:33+05:30,sku_LIF_010,LIFESTYLE,1,COD,577.00,278689,
ord_000215,cus_0440,2026-02-03T09:55:08+05:30,sku_LIF_009,LIFESTYLE,1,PREPAID,1388.00,431662,
ord_000216,cus_0017,2026-02-03T12:48:41+05:30,sku_FAS_016,FASHION,1,COD,579.00,458093,
ord_000217,cus_0423,2026-02-03T14:51:58+05:30,sku_BEA_005,BEAUTY,1,COD,584.00,414538,
ord_000218,cus_0220,2026-02-03T16:30:09+05:30,sku_FAS_008,FASHION,1,PREPAID,832.00,317082,
ord_000219,cus_0276,2026-02-03T21:41:25+05:30,sku_FAS_025,FASHION,1,PARTIAL_COD,731.00,447398,
ord_000220,cus_0271,2026-02-03T21:48:23+05:30,sku_LIF_002,LIFESTYLE,1,PREPAID,707.00,785334,
ord_000221,cus_0024,2026-02-04T01:32:26+05:30,sku_ELE_004,ELECTRONICS,1,PREPAID,1351.00,667775,
ord_000222,cus_0245,2026-02-04T02:18:09+05:30,sku_LIF_002,LIFESTYLE,1,COD,310.00,693045,
ord_000223,cus_0378,2026-02-04T08:25:34+05:30,sku_FAS_002,FASHION,1,PREPAID,597.00,607440,
ord_000224,cus_0012,2026-02-04T11:32:47+05:30,sku_FAS_003,FASHION,1,COD,847.00,371816,
ord_000225,cus_0034,2026-02-04T13:41:46+05:30,sku_BEA_008,BEAUTY,2,PREPAID,388.00,693045,
ord_000226,cus_0271,2026-02-04T14:20:30+05:30,sku_LIF_005,LIFESTYLE,1,PREPAID,309.00,785334,
ord_000227,cus_0240,2026-02-04T22:31:05+05:30,sku_FAS_001,FASHION,1,COD,1187.00,439879,
ord_000228,cus_0052,2026-02-05T16:37:46+05:30,sku_FAS_006,FASHION,1,COD,669.00,192156,
ord_000229,cus_0346,2026-02-05T21:10:51+05:30,sku_FAS_008,FASHION,1,COD,426.00,478303,
ord_000230,cus_0112,2026-02-05T23:58:43+05:30,sku_BEA_019,BEAUTY,1,COD,503.00,431651,
ord_000231,cus_0065,2026-02-06T01:18:39+05:30,sku_LIF_004,LIFESTYLE,1,COD,626.00,795288,
ord_000232,cus_0019,2026-02-06T03:09:44+05:30,sku_FAS_011,FASHION,1,PREPAID,612.00,541242,
ord_000233,cus_0304,2026-02-06T07:32:14+05:30,sku_LIF_007,LIFESTYLE,2,COD,906.00,667775,
ord_000234,cus_0422,2026-02-06T18:36:29+05:30,sku_ELE_002,ELECTRONICS,1,COD,1601.00,386687,
ord_000235,cus_0133,2026-02-06T19:27:30+05:30,sku_BEA_005,BEAUTY,1,PREPAID,197.00,319063,
ord_000236,cus_0150,2026-02-06T21:04:53+05:30,sku_ELE_008,ELECTRONICS,1,COD,2619.00,461474,
ord_000237,cus_0309,2026-02-07T22:04:58+05:30,sku_BEA_009,BEAUTY,1,PREPAID,483.00,345673,
ord_000238,cus_0214,2026-02-08T02:42:28+05:30,sku_FAS_003,FASHION,1,PREPAID,2540.00,667775,
ord_000239,cus_0133,2026-02-08T05:55:53+05:30,sku_ELE_004,ELECTRONICS,1,PREPAID,1030.00,319063,
ord_000240,cus_0238,2026-02-08T07:07:17+05:30,sku_BEA_005,BEAUTY,1,COD,856.00,173130,
ord_000241,cus_0216,2026-02-08T09:28:37+05:30,sku_BEA_013,BEAUTY,2,COD,730.00,112577,
ord_000242,cus_0242,2026-02-08T13:40:55+05:30,sku_FAS_025,FASHION,1,COD,699.00,728973,
ord_000243,cus_0075,2026-02-08T15:09:28+05:30,sku_FAS_002,FASHION,1,PREPAID,365.00,458093,
ord_000244,cus_0270,2026-02-08T15:36:54+05:30,sku_LIF_017,LIFESTYLE,1,COD,388.00,439879,
ord_000245,cus_0100,2026-02-08T16:59:23+05:30,sku_ELE_001,ELECTRONICS,2,PREPAID,8856.00,673268,
ord_000246,cus_0186,2026-02-09T00:56:18+05:30,sku_LIF_001,LIFESTYLE,1,COD,543.00,436711,
ord_000247,cus_0108,2026-02-09T12:22:08+05:30,sku_ELE_011,ELECTRONICS,1,COD,3173.00,207665,
ord_000248,cus_0216,2026-02-09T13:01:29+05:30,sku_BEA_002,BEAUTY,1,COD,513.00,112577,
ord_000249,cus_0317,2026-02-09T14:32:16+05:30,sku_BEA_011,BEAUTY,1,PARTIAL_COD,506.00,118138,
ord_000250,cus_0261,2026-02-09T20:45:23+05:30,sku_FAS_010,FASHION,1,PREPAID,752.00,478303,
ord_000251,cus_0021,2026-02-10T06:34:10+05:30,sku_ELE_009,ELECTRONICS,1,PREPAID,2269.00,598445,
ord_000252,cus_0261,2026-02-10T16:46:08+05:30,sku_FAS_025,FASHION,1,COD,1529.00,478303,
ord_000253,cus_0114,2026-02-10T19:32:00+05:30,sku_ELE_007,ELECTRONICS,2,PREPAID,2368.00,319063,
ord_000254,cus_0013,2026-02-10T21:03:21+05:30,sku_BEA_005,BEAUTY,1,COD,211.00,373290,
ord_000255,cus_0325,2026-02-10T23:33:37+05:30,sku_FAS_003,FASHION,2,COD,2214.00,148311,
ord_000256,cus_0207,2026-02-10T23:53:21+05:30,sku_BEA_005,BEAUTY,1,PREPAID,496.00,565499,
ord_000257,cus_0111,2026-02-11T04:26:03+05:30,sku_BEA_025,BEAUTY,1,COD,478.00,739612,
ord_000258,cus_0424,2026-02-11T05:18:39+05:30,sku_LIF_006,LIFESTYLE,1,COD,377.00,522841,
ord_000259,cus_0292,2026-02-11T08:06:54+05:30,sku_ELE_013,ELECTRONICS,1,PARTIAL_COD,2918.00,112577,
ord_000260,cus_0403,2026-02-11T10:43:43+05:30,sku_BEA_013,BEAUTY,2,COD,1140.00,294634,
ord_000261,cus_0324,2026-02-11T11:33:22+05:30,sku_BEA_004,BEAUTY,1,PREPAID,587.00,795288,
ord_000262,cus_0145,2026-02-11T14:09:40+05:30,sku_FAS_008,FASHION,1,PREPAID,746.00,606366,
ord_000263,cus_0064,2026-02-11T18:52:43+05:30,sku_BEA_025,BEAUTY,2,PREPAID,1056.00,258546,
ord_000264,cus_0221,2026-02-11T20:29:12+05:30,sku_BEA_006,BEAUTY,1,COD,659.00,238494,
ord_000265,cus_0178,2026-02-11T21:09:32+05:30,sku_FAS_010,FASHION,1,PREPAID,659.00,452814,
ord_000266,cus_0349,2026-02-11T21:30:32+05:30,sku_LIF_003,LIFESTYLE,1,PREPAID,391.00,371816,
ord_000267,cus_0278,2026-02-11T22:14:38+05:30,sku_LIF_009,LIFESTYLE,1,COD,1091.00,717397,
ord_000268,cus_0419,2026-02-12T03:31:52+05:30,sku_FAS_010,FASHION,1,PREPAID,696.00,112577,
ord_000269,cus_0071,2026-02-12T04:41:35+05:30,sku_ELE_007,ELECTRONICS,1,PREPAID,4022.00,213637,
ord_000270,cus_0359,2026-02-12T04:57:31+05:30,sku_FAS_007,FASHION,1,PREPAID,3581.00,280772,
ord_000271,cus_0147,2026-02-12T07:40:49+05:30,sku_FAS_002,FASHION,2,PREPAID,1360.00,532921,
ord_000272,cus_0031,2026-02-12T14:27:08+05:30,sku_FAS_004,FASHION,1,COD,1237.00,567918,
ord_000273,cus_0181,2026-02-12T19:58:12+05:30,sku_ELE_004,ELECTRONICS,1,PARTIAL_COD,2832.00,302087,
ord_000274,cus_0127,2026-02-12T21:19:14+05:30,sku_FAS_009,FASHION,1,PREPAID,1971.00,207665,
ord_000275,cus_0345,2026-02-13T00:35:03+05:30,sku_LIF_011,LIFESTYLE,2,COD,1100.00,319063,
ord_000276,cus_0258,2026-02-13T02:04:04+05:30,sku_LIF_014,LIFESTYLE,1,COD,1290.00,140317,
ord_000277,cus_0265,2026-02-13T04:21:57+05:30,sku_LIF_013,LIFESTYLE,1,COD,599.00,779417,
ord_000278,cus_0387,2026-02-13T13:19:10+05:30,sku_FAS_001,FASHION,1,COD,1225.00,189144,
ord_000279,cus_0433,2026-02-13T16:29:26+05:30,sku_FAS_011,FASHION,1,COD,1247.00,667775,
ord_000280,cus_0397,2026-02-13T17:57:17+05:30,sku_FAS_002,FASHION,1,COD,651.00,673268,
ord_000281,cus_0440,2026-02-13T18:58:16+05:30,sku_LIF_001,LIFESTYLE,1,COD,748.00,431662,
ord_000282,cus_0059,2026-02-13T19:53:59+05:30,sku_LIF_025,LIFESTYLE,2,COD,1432.00,439879,
ord_000283,cus_0102,2026-02-13T20:25:49+05:30,sku_FAS_001,FASHION,1,COD,614.00,587467,
ord_000284,cus_0327,2026-02-14T03:55:19+05:30,sku_BEA_003,BEAUTY,1,COD,371.00,431662,
ord_000285,cus_0275,2026-02-14T05:37:43+05:30,sku_LIF_025,LIFESTYLE,2,COD,3290.00,439879,
ord_000286,cus_0003,2026-02-14T07:01:35+05:30,sku_BEA_007,BEAUTY,1,COD,176.00,265698,
ord_000287,cus_0230,2026-02-14T07:45:12+05:30,sku_BEA_025,BEAUTY,1,PREPAID,711.00,417062,
ord_000288,cus_0323,2026-02-14T15:35:53+05:30,sku_LIF_007,LIFESTYLE,1,COD,1279.00,,
ord_000289,cus_0019,2026-02-14T16:52:36+05:30,sku_FAS_003,FASHION,1,COD,613.00,541242,
ord_000290,cus_0425,2026-02-14T18:36:53+05:30,sku_FAS_005,FASHION,1,PREPAID,858.00,796809,
ord_000291,cus_0209,2026-02-14T23:38:40+05:30,sku_FAS_013,FASHION,1,PREPAID,1034.00,461474,
ord_000292,cus_0083,2026-02-15T03:47:56+05:30,sku_FAS_001,FASHION,1,PREPAID,432.00,377461,
ord_000293,cus_0245,2026-02-15T07:46:59+05:30,sku_LIF_007,LIFESTYLE,1,COD,253.00,693045,
ord_000294,cus_0262,2026-02-15T09:30:59+05:30,sku_BEA_003,BEAUTY,1,PREPAID,393.00,685125,
ord_000295,cus_0148,2026-02-15T22:08:48+05:30,sku_FAS_014,FASHION,2,COD,4046.00,431651,
ord_000296,cus_0059,2026-02-16T03:58:09+05:30,sku_BEA_006,BEAUTY,1,PREPAID,427.00,439879,
ord_000297,cus_0364,2026-02-16T09:55:03+05:30,sku_FAS_011,FASHION,1,PREPAID,1576.00,332892,
ord_000298,cus_0295,2026-02-16T16:11:04+05:30,sku_FAS_007,FASHION,1,COD,557.00,598445,
ord_000299,cus_0145,2026-02-16T22:57:27+05:30,sku_ELE_022,ELECTRONICS,1,COD,1587.00,606366,
ord_000300,cus_0139,2026-02-17T00:18:21+05:30,sku_BEA_007,BEAUTY,1,COD,621.00,452814,
ord_000301,cus_0235,2026-02-17T03:06:45+05:30,sku_ELE_005,ELECTRONICS,1,PREPAID,1510.00,544127,
ord_000302,cus_0295,2026-02-17T06:16:10+05:30,sku_FAS_004,FASHION,1,COD,706.00,598445,
ord_000303,cus_0173,2026-02-17T10:13:21+05:30,sku_BEA_003,BEAUTY,1,PREPAID,458.00,607440,
ord_000304,cus_0016,2026-02-17T11:29:14+05:30,sku_FAS_005,FASHION,1,PARTIAL_COD,485.00,565499,
ord_000305,cus_0427,2026-02-17T13:14:46+05:30,sku_FAS_006,FASHION,1,PREPAID,1412.00,452814,
ord_000306,cus_0198,2026-02-17T14:45:05+05:30,sku_BEA_017,BEAUTY,1,PREPAID,229.00,189144,
ord_000307,cus_0007,2026-02-17T15:25:48+05:30,sku_LIF_011,LIFESTYLE,1,COD,716.00,192156,
ord_000308,cus_0008,2026-02-17T17:27:26+05:30,sku_FAS_008,FASHION,1,PREPAID,763.00,213637,
ord_000309,cus_0291,2026-02-18T07:42:42+05:30,sku_FAS_004,FASHION,1,COD,414.00,587467,
ord_000310,cus_0002,2026-02-18T08:49:35+05:30,sku_FAS_001,FASHION,2,COD,840.00,673280,
ord_000311,cus_0388,2026-02-18T09:22:31+05:30,sku_FAS_002,FASHION,2,PREPAID,1670.00,150883,
ord_000312,cus_0338,2026-02-18T13:44:00+05:30,sku_FAS_011,FASHION,1,PREPAID,812.00,,
ord_000313,cus_0254,2026-02-18T14:28:35+05:30,sku_FAS_011,FASHION,1,PREPAID,1659.00,694506,
ord_000314,cus_0418,2026-02-18T15:13:53+05:30,sku_LIF_016,LIFESTYLE,1,COD,659.00,511903,
ord_000315,cus_0363,2026-02-19T04:25:24+05:30,sku_FAS_013,FASHION,1,COD,824.00,278689,
ord_000316,cus_0197,2026-02-19T10:44:51+05:30,sku_BEA_001,BEAUTY,1,PREPAID,236.00,373290,
ord_000317,cus_0189,2026-02-19T12:05:24+05:30,sku_BEA_001,BEAUTY,1,PREPAID,1149.00,645134,
ord_000318,cus_0387,2026-02-19T13:23:58+05:30,sku_FAS_004,FASHION,2,PREPAID,1382.00,189144,
ord_000319,cus_0092,2026-02-19T14:32:50+05:30,sku_FAS_013,FASHION,1,COD,1154.00,551386,
ord_000320,cus_0271,2026-02-19T15:31:00+05:30,sku_ELE_014,ELECTRONICS,1,COD,3965.00,785334,
ord_000321,cus_0328,2026-02-19T18:33:47+05:30,sku_BEA_001,BEAUTY,1,PREPAID,255.00,551386,
ord_000322,cus_0074,2026-02-20T01:00:19+05:30,sku_FAS_006,FASHION,2,PREPAID,1504.00,377461,
ord_000323,cus_0373,2026-02-20T01:08:29+05:30,sku_FAS_015,FASHION,1,PREPAID,881.00,711206,
ord_000324,cus_0434,2026-02-20T08:58:10+05:30,sku_FAS_004,FASHION,1,COD,904.00,779417,
ord_000325,cus_0102,2026-02-20T14:30:49+05:30,sku_FAS_025,FASHION,2,COD,1990.00,587467,
ord_000326,cus_0370,2026-02-20T16:36:20+05:30,sku_FAS_020,FASHION,1,COD,1074.00,712657,
ord_000327,cus_0155,2026-02-20T17:27:48+05:30,sku_FAS_011,FASHION,1,PREPAID,762.00,140317,
ord_000328,cus_0172,2026-02-20T17:39:13+05:30,sku_FAS_001,FASHION,1,COD,1259.00,607440,
ord_000329,cus_0093,2026-02-20T17:56:23+05:30,sku_LIF_002,LIFESTYLE,1,PREPAID,1234.00,317082,
ord_000330,cus_0266,2026-02-20T19:04:46+05:30,sku_BEA_010,BEAUTY,2,COD,1710.00,551386,
ord_000331,cus_0339,2026-02-20T23:07:07+05:30,sku_BEA_003,BEAUTY,1,COD,134.00,778573,
ord_000332,cus_0189,2026-02-21T11:13:35+05:30,sku_ELE_003,ELECTRONICS,2,PREPAID,3250.00,645134,
ord_000333,cus_0306,2026-02-21T19:21:26+05:30,sku_LIF_008,LIFESTYLE,2,PREPAID,954.00,460352,
ord_000334,cus_0056,2026-02-21T21:28:44+05:30,sku_BEA_018,BEAUTY,1,PREPAID,307.00,483376,
ord_000335,cus_0408,2026-02-22T02:11:58+05:30,sku_BEA_001,BEAUTY,2,COD,948.00,436711,
ord_000336,cus_0015,2026-02-22T08:01:13+05:30,sku_LIF_006,LIFESTYLE,1,PREPAID,802.00,567918,
ord_000337,cus_0132,2026-02-22T08:23:45+05:30,sku_FAS_004,FASHION,1,COD,567.00,491864,
ord_000338,cus_0379,2026-02-22T11:51:22+05:30,sku_FAS_013,FASHION,1,COD,943.00,718428,
ord_000339,cus_0338,2026-02-22T19:28:32+05:30,sku_FAS_010,FASHION,1,COD,1818.00,189144,
ord_000340,cus_0060,2026-02-22T20:32:49+05:30,sku_FAS_022,FASHION,1,COD,1822.00,431662,
ord_000341,cus_0423,2026-02-22T22:06:45+05:30,sku_FAS_001,FASHION,1,COD,965.00,414538,
ord_000342,cus_0285,2026-02-23T08:33:22+05:30,sku_FAS_005,FASHION,1,COD,1840.00,694506,
ord_000343,cus_0152,2026-02-23T18:32:19+05:30,sku_LIF_004,LIFESTYLE,1,COD,394.00,207665,
ord_000344,cus_0390,2026-02-23T19:29:31+05:30,sku_BEA_010,BEAUTY,1,COD,867.00,678137,
ord_000345,cus_0246,2026-02-23T21:54:55+05:30,sku_ELE_014,ELECTRONICS,1,COD,3481.00,317082,
ord_000346,cus_0019,2026-02-24T04:02:55+05:30,sku_FAS_008,FASHION,1,PREPAID,851.00,541242,
ord_000347,cus_0387,2026-02-24T22:29:38+05:30,sku_LIF_008,LIFESTYLE,2,COD,2872.00,189144,
ord_000348,cus_0243,2026-02-25T00:00:41+05:30,sku_FAS_013,FASHION,1,COD,1107.00,583341,
ord_000349,cus_0323,2026-02-25T02:08:44+05:30,sku_LIF_013,LIFESTYLE,1,PARTIAL_COD,998.00,478303,
ord_000350,cus_0126,2026-02-25T05:01:50+05:30,sku_FAS_011,FASHION,1,COD,868.00,140317,
ord_000351,cus_0377,2026-02-25T07:33:06+05:30,sku_ELE_002,ELECTRONICS,1,COD,2433.00,278689,
ord_000352,cus_0281,2026-02-25T08:48:38+05:30,sku_FAS_007,FASHION,1,PREPAID,1032.00,306665,
ord_000353,cus_0370,2026-02-25T10:29:20+05:30,sku_ELE_005,ELECTRONICS,1,PREPAID,2949.00,712657,
ord_000354,cus_0034,2026-02-25T14:14:43+05:30,sku_LIF_017,LIFESTYLE,1,COD,1510.00,693045,
ord_000355,cus_0228,2026-02-25T18:21:43+05:30,sku_FAS_003,FASHION,2,COD,2232.00,656870,
ord_000356,cus_0128,2026-02-25T18:31:43+05:30,sku_BEA_003,BEAUTY,1,PREPAID,682.00,598445,
ord_000357,cus_0399,2026-02-25T20:36:31+05:30,sku_BEA_003,BEAUTY,1,PREPAID,582.00,645134,
ord_000358,cus_0023,2026-02-26T04:01:01+05:30,sku_LIF_002,LIFESTYLE,1,PREPAID,305.00,544127,
ord_000359,cus_0295,2026-02-26T06:58:56+05:30,sku_FAS_011,FASHION,1,PREPAID,1588.00,598445,
ord_000360,cus_0177,2026-02-26T08:11:22+05:30,sku_ELE_006,ELECTRONICS,1,PREPAID,1598.00,,
ord_000361,cus_0242,2026-02-26T08:42:47+05:30,sku_FAS_008,FASHION,1,PREPAID,423.00,728973,
ord_000362,cus_0050,2026-02-26T09:46:54+05:30,sku_LIF_022,LIFESTYLE,1,PREPAID,1039.00,728973,
ord_000363,cus_0415,2026-02-26T15:12:45+05:30,sku_BEA_010,BEAUTY,1,PREPAID,813.00,207665,
ord_000364,cus_0262,2026-02-26T17:15:11+05:30,sku_BEA_014,BEAUTY,2,COD,556.00,685125,
ord_000365,cus_0058,2026-02-26T18:53:59+05:30,sku_FAS_010,FASHION,1,COD,892.00,717397,
ord_000366,cus_0262,2026-02-27T00:11:21+05:30,sku_BEA_002,BEAUTY,1,PREPAID,545.00,685125,
ord_000367,cus_0050,2026-02-27T03:37:58+05:30,sku_LIF_003,LIFESTYLE,1,PREPAID,353.00,728973,
ord_000368,cus_0280,2026-02-27T08:28:33+05:30,sku_BEA_001,BEAUTY,1,COD,486.00,532607,
ord_000369,cus_0092,2026-02-27T09:19:24+05:30,sku_FAS_007,FASHION,2,PREPAID,1300.00,551386,
ord_000370,cus_0007,2026-02-27T12:02:43+05:30,sku_LIF_005,LIFESTYLE,1,COD,1724.00,192156,
ord_000371,cus_0201,2026-02-27T14:38:55+05:30,sku_FAS_008,FASHION,1,PREPAID,633.00,139058,
ord_000372,cus_0186,2026-02-27T22:52:02+05:30,sku_LIF_009,LIFESTYLE,1,PREPAID,695.00,436711,
ord_000373,cus_0219,2026-02-27T23:07:35+05:30,sku_FAS_015,FASHION,2,COD,1498.00,464710,
ord_000374,cus_0377,2026-02-28T02:16:56+05:30,sku_ELE_015,ELECTRONICS,1,PREPAID,2892.00,278689,
ord_000375,cus_0048,2026-02-28T05:50:16+05:30,sku_ELE_003,ELECTRONICS,2,PREPAID,2726.00,461474,
ord_000376,cus_0380,2026-02-28T09:08:32+05:30,sku_LIF_007,LIFESTYLE,1,PREPAID,553.00,667219,
ord_000377,cus_0386,2026-02-28T10:35:17+05:30,sku_ELE_020,ELECTRONICS,1,COD,2272.00,739612,
ord_000378,cus_0052,2026-02-28T10:54:59+05:30,sku_FAS_003,FASHION,1,PREPAID,438.00,192156,
ord_000379,cus_0073,2026-02-28T12:59:56+05:30,sku_ELE_009,ELECTRONICS,2,COD,3346.00,192156,
ord_000380,cus_0369,2026-02-28T16:44:03+05:30,sku_ELE_004,ELECTRONICS,1,COD,1857.00,711206,
ord_000381,cus_0041,2026-02-28T19:17:21+05:30,sku_FAS_008,FASHION,1,PREPAID,729.00,793325,
ord_000382,cus_0103,2026-02-28T19:22:35+05:30,sku_FAS_002,FASHION,1,PREPAID,2024.00,332892,
ord_000383,cus_0416,2026-02-28T22:36:58+05:30,sku_FAS_005,FASHION,1,COD,629.00,177058,
ord_000384,cus_0362,2026-02-28T23:13:22+05:30,sku_FAS_010,FASHION,2,COD,2016.00,,
ord_000385,cus_0001,2026-03-01T01:46:59+05:30,sku_BEA_013,BEAUTY,1,COD,612.00,386687,
ord_000386,cus_0134,2026-03-01T03:06:11+05:30,sku_FAS_016,FASHION,1,COD,527.00,539253,
ord_000387,cus_0440,2026-03-01T07:47:16+05:30,sku_BEA_005,BEAUTY,1,PREPAID,448.00,431662,
ord_000388,cus_0210,2026-03-01T17:53:10+05:30,sku_ELE_001,ELECTRONICS,1,PREPAID,2575.00,778573,
ord_000389,cus_0048,2026-03-01T21:42:14+05:30,sku_ELE_010,ELECTRONICS,1,COD,2535.00,461474,
ord_000390,cus_0283,2026-03-02T00:34:28+05:30,sku_FAS_018,FASHION,1,PREPAID,1310.00,373290,
ord_000391,cus_0198,2026-03-02T01:33:26+05:30,sku_BEA_013,BEAUTY,1,COD,610.00,189144,
ord_000392,cus_0202,2026-03-02T07:16:37+05:30,sku_FAS_002,FASHION,1,PREPAID,1335.00,742787,
ord_000393,cus_0017,2026-03-02T07:47:19+05:30,sku_FAS_007,FASHION,1,COD,570.00,458093,
ord_000394,cus_0179,2026-03-02T09:22:17+05:30,sku_FAS_014,FASHION,2,COD,1480.00,436711,
ord_000395,cus_0142,2026-03-02T09:45:29+05:30,sku_ELE_025,ELECTRONICS,1,COD,2040.00,583341,
ord_scn_04_h1,cus_scn_04,2026-03-02T10:00:00+05:30,sku_scn_FAS,FASHION,1,COD,1199.00,317082,
ord_000396,cus_0431,2026-03-02T15:02:20+05:30,sku_FAS_002,FASHION,1,COD,1080.00,678137,
ord_000397,cus_0263,2026-03-02T19:22:43+05:30,sku_FAS_002,FASHION,1,PREPAID,989.00,439879,
ord_000398,cus_0411,2026-03-02T19:52:07+05:30,sku_FAS_002,FASHION,1,COD,495.00,796809,
ord_000399,cus_0124,2026-03-02T22:10:24+05:30,sku_LIF_006,LIFESTYLE,1,COD,880.00,478303,
ord_000400,cus_0111,2026-03-02T23:02:04+05:30,sku_LIF_008,LIFESTYLE,1,COD,813.00,739612,
ord_000401,cus_0393,2026-03-03T02:19:19+05:30,sku_ELE_005,ELECTRONICS,1,COD,1972.00,258546,
ord_000402,cus_0021,2026-03-03T07:52:45+05:30,sku_FAS_013,FASHION,1,PREPAID,1238.00,598445,
ord_000403,cus_0061,2026-03-03T10:59:33+05:30,sku_FAS_001,FASHION,1,COD,732.00,265698,
ord_000404,cus_0219,2026-03-03T12:28:59+05:30,sku_FAS_002,FASHION,2,PREPAID,1752.00,464710,
ord_000405,cus_0432,2026-03-03T15:55:45+05:30,sku_FAS_011,FASHION,1,COD,1248.00,417062,
ord_000406,cus_0081,2026-03-03T17:08:24+05:30,sku_FAS_003,FASHION,2,PREPAID,3178.00,511903,
ord_000407,cus_0416,2026-03-03T19:20:39+05:30,sku_FAS_001,FASHION,1,COD,1141.00,177058,
ord_000408,cus_0074,2026-03-03T19:30:49+05:30,sku_ELE_001,ELECTRONICS,1,COD,4810.00,377461,
ord_000409,cus_0426,2026-03-03T21:52:01+05:30,sku_LIF_003,LIFESTYLE,1,COD,1187.00,511903,
ord_000410,cus_0443,2026-03-03T23:38:52+05:30,sku_ELE_009,ELECTRONICS,1,COD,2164.00,431662,
ord_000411,cus_0139,2026-03-03T23:49:46+05:30,sku_LIF_003,LIFESTYLE,1,PREPAID,480.00,452814,
ord_000412,cus_0297,2026-03-04T09:45:56+05:30,sku_FAS_005,FASHION,2,COD,1170.00,758397,
ord_000413,cus_0431,2026-03-04T15:38:51+05:30,sku_FAS_001,FASHION,1,PREPAID,874.00,678137,
ord_000414,cus_0093,2026-03-05T11:12:57+05:30,sku_LIF_003,LIFESTYLE,2,PREPAID,1112.00,317082,
ord_000415,cus_0106,2026-03-05T17:49:28+05:30,sku_LIF_001,LIFESTYLE,1,COD,886.00,265368,
ord_000416,cus_0025,2026-03-06T01:58:20+05:30,sku_FAS_004,FASHION,1,PREPAID,1075.00,795288,
ord_000417,cus_0177,2026-03-06T02:41:16+05:30,sku_BEA_003,BEAUTY,1,COD,445.00,431651,
ord_000418,cus_0418,2026-03-06T04:41:06+05:30,sku_FAS_004,FASHION,1,PREPAID,609.00,511903,
ord_000419,cus_0068,2026-03-06T05:20:23+05:30,sku_FAS_001,FASHION,1,COD,691.00,118138,
ord_000420,cus_0315,2026-03-06T07:45:51+05:30,sku_FAS_002,FASHION,1,PREPAID,821.00,460352,
ord_000421,cus_0217,2026-03-06T10:20:43+05:30,sku_FAS_006,FASHION,1,COD,1378.00,139058,
ord_000422,cus_0261,2026-03-06T20:35:26+05:30,sku_FAS_006,FASHION,1,PREPAID,388.00,478303,
ord_000423,cus_0392,2026-03-06T22:46:41+05:30,sku_ELE_011,ELECTRONICS,1,COD,2544.00,452814,
ord_000424,cus_0170,2026-03-07T15:15:32+05:30,sku_FAS_002,FASHION,2,COD,2794.00,377461,
ord_000425,cus_0199,2026-03-07T18:05:24+05:30,sku_FAS_003,FASHION,1,PREPAID,1045.00,761872,
ord_000426,cus_0437,2026-03-07T18:12:45+05:30,sku_LIF_022,LIFESTYLE,1,PREPAID,302.00,659896,
ord_000427,cus_0348,2026-03-07T22:11:49+05:30,sku_BEA_010,BEAUTY,1,COD,544.00,544127,
ord_000428,cus_0427,2026-03-08T03:59:18+05:30,sku_FAS_019,FASHION,1,COD,726.00,452814,
ord_000429,cus_0345,2026-03-08T04:12:08+05:30,sku_LIF_004,LIFESTYLE,1,PREPAID,2148.00,319063,
ord_000430,cus_0029,2026-03-08T17:01:39+05:30,sku_ELE_025,ELECTRONICS,2,COD,5188.00,795288,
ord_000431,cus_0357,2026-03-08T21:26:27+05:30,sku_ELE_002,ELECTRONICS,1,PREPAID,2012.00,607440,
ord_000432,cus_0363,2026-03-09T02:08:56+05:30,sku_FAS_002,FASHION,1,COD,462.00,278689,
ord_000433,cus_0127,2026-03-09T03:01:51+05:30,sku_FAS_006,FASHION,1,COD,1889.00,207665,
ord_000434,cus_0099,2026-03-09T07:42:39+05:30,sku_FAS_005,FASHION,2,PREPAID,944.00,280772,
ord_000435,cus_0444,2026-03-09T18:55:47+05:30,sku_LIF_006,LIFESTYLE,1,PREPAID,1046.00,517094,
ord_000436,cus_0171,2026-03-10T09:39:12+05:30,sku_LIF_021,LIFESTYLE,1,COD,547.00,464710,
ord_000437,cus_0108,2026-03-10T12:04:52+05:30,sku_BEA_005,BEAUTY,1,COD,628.00,207665,
ord_000438,cus_0306,2026-03-10T13:51:01+05:30,sku_FAS_004,FASHION,1,PREPAID,727.00,460352,
ord_000439,cus_0323,2026-03-10T14:44:00+05:30,sku_LIF_012,LIFESTYLE,1,COD,859.00,478303,
ord_000440,cus_0289,2026-03-10T20:51:50+05:30,sku_ELE_015,ELECTRONICS,2,COD,5768.00,148311,
ord_000441,cus_0046,2026-03-10T23:41:16+05:30,sku_FAS_005,FASHION,1,PREPAID,1010.00,280772,
ord_000442,cus_0123,2026-03-11T04:01:23+05:30,sku_FAS_009,FASHION,2,COD,2692.00,373290,
ord_000443,cus_0159,2026-03-11T06:38:38+05:30,sku_ELE_003,ELECTRONICS,1,PREPAID,2349.00,464710,
ord_000444,cus_0233,2026-03-11T12:07:53+05:30,sku_FAS_016,FASHION,1,PREPAID,948.00,417062,
ord_000445,cus_0245,2026-03-11T19:00:16+05:30,sku_LIF_007,LIFESTYLE,1,COD,705.00,693045,
ord_000446,cus_0359,2026-03-11T19:11:06+05:30,sku_FAS_018,FASHION,2,PREPAID,2270.00,280772,
ord_000447,cus_0192,2026-03-11T19:47:56+05:30,sku_FAS_021,FASHION,2,PREPAID,3114.00,582004,
ord_000448,cus_0326,2026-03-11T20:02:14+05:30,sku_FAS_002,FASHION,1,PREPAID,1780.00,694506,
ord_000449,cus_0051,2026-03-11T21:35:26+05:30,sku_LIF_008,LIFESTYLE,2,PREPAID,1324.00,416852,
ord_000450,cus_0379,2026-03-11T23:41:47+05:30,sku_LIF_005,LIFESTYLE,1,COD,267.00,718428,
ord_000451,cus_0143,2026-03-12T00:24:08+05:30,sku_FAS_002,FASHION,2,PREPAID,1190.00,417062,
ord_scn_04_h2,cus_scn_04,2026-03-12T10:00:00+05:30,sku_scn_FAS,FASHION,1,COD,1199.00,317082,
ord_000452,cus_0138,2026-03-12T12:37:39+05:30,sku_FAS_001,FASHION,1,PREPAID,656.00,280772,
ord_000453,cus_0135,2026-03-12T17:01:36+05:30,sku_FAS_002,FASHION,1,COD,1307.00,645134,
ord_000454,cus_0082,2026-03-12T18:49:29+05:30,sku_BEA_020,BEAUTY,1,COD,716.00,452814,
ord_000455,cus_0208,2026-03-12T19:20:48+05:30,sku_BEA_005,BEAUTY,1,PREPAID,185.00,436711,
ord_000456,cus_0105,2026-03-12T20:55:17+05:30,sku_ELE_017,ELECTRONICS,1,COD,2591.00,667775,
ord_000457,cus_0008,2026-03-12T22:37:42+05:30,sku_BEA_004,BEAUTY,1,PREPAID,348.00,213637,
ord_000458,cus_0126,2026-03-13T00:55:34+05:30,sku_BEA_019,BEAUTY,1,COD,630.00,140317,
ord_000459,cus_0365,2026-03-13T07:15:49+05:30,sku_FAS_001,FASHION,1,PREPAID,1010.00,248409,
ord_000460,cus_0144,2026-03-13T11:15:41+05:30,sku_ELE_009,ELECTRONICS,1,PARTIAL_COD,1964.00,293711,
ord_000461,cus_0148,2026-03-13T18:07:24+05:30,sku_FAS_009,FASHION,2,COD,1834.00,431651,
ord_000462,cus_0344,2026-03-13T18:08:09+05:30,sku_FAS_015,FASHION,1,COD,1180.00,454800,
ord_000463,cus_0088,2026-03-13T19:13:40+05:30,sku_ELE_005,ELECTRONICS,2,PREPAID,3866.00,436711,
ord_000464,cus_0199,2026-03-13T19:56:13+05:30,sku_FAS_011,FASHION,1,COD,738.00,761872,
ord_000465,cus_0216,2026-03-14T06:03:06+05:30,sku_BEA_005,BEAUTY,1,COD,619.00,112577,
ord_000466,cus_0136,2026-03-14T07:04:33+05:30,sku_BEA_005,BEAUTY,1,COD,253.00,213637,
ord_000467,cus_0162,2026-03-14T13:52:20+05:30,sku_BEA_025,BEAUTY,1,COD,531.00,517094,
ord_000468,cus_0094,2026-03-14T13:57:41+05:30,sku_LIF_008,LIFESTYLE,1,COD,728.00,478303,
ord_000469,cus_0044,2026-03-14T21:27:33+05:30,sku_FAS_013,FASHION,1,PREPAID,696.00,148311,
ord_000470,cus_0242,2026-03-15T12:23:41+05:30,sku_FAS_025,FASHION,1,COD,1783.00,728973,
ord_000471,cus_0102,2026-03-15T20:15:51+05:30,sku_FAS_003,FASHION,1,PREPAID,691.00,587467,
ord_000472,cus_0135,2026-03-15T21:56:52+05:30,sku_FAS_002,FASHION,1,PREPAID,552.00,645134,
ord_000473,cus_0114,2026-03-15T22:53:14+05:30,sku_LIF_006,LIFESTYLE,1,PREPAID,484.00,319063,
ord_000474,cus_0008,2026-03-16T00:21:33+05:30,sku_FAS_011,FASHION,1,COD,870.00,213637,
ord_000475,cus_0078,2026-03-16T00:30:05+05:30,sku_FAS_006,FASHION,1,PREPAID,871.00,582004,
ord_000476,cus_0065,2026-03-16T03:35:28+05:30,sku_ELE_008,ELECTRONICS,2,COD,3536.00,795288,
ord_000477,cus_0205,2026-03-16T05:58:37+05:30,sku_FAS_025,FASHION,1,PREPAID,1085.00,345673,
ord_000478,cus_0109,2026-03-16T08:47:28+05:30,sku_FAS_001,FASHION,1,COD,1416.00,216572,
ord_000479,cus_0150,2026-03-16T10:15:03+05:30,sku_LIF_008,LIFESTYLE,1,COD,1585.00,461474,
ord_000480,cus_0124,2026-03-16T13:01:28+05:30,sku_LIF_001,LIFESTYLE,1,COD,671.00,478303,
ord_000481,cus_0412,2026-03-16T16:43:45+05:30,sku_LIF_005,LIFESTYLE,1,COD,1448.00,667775,
ord_000482,cus_0005,2026-03-16T23:36:45+05:30,sku_LIF_025,LIFESTYLE,1,COD,393.00,345280,
ord_000483,cus_0085,2026-03-17T11:06:06+05:30,sku_ELE_002,ELECTRONICS,1,COD,5048.00,306665,
ord_000484,cus_0194,2026-03-17T13:02:50+05:30,sku_BEA_002,BEAUTY,1,COD,433.00,582004,
ord_000485,cus_0286,2026-03-17T15:23:21+05:30,sku_BEA_006,BEAUTY,1,COD,608.00,508955,
ord_000486,cus_0337,2026-03-17T21:07:34+05:30,sku_ELE_005,ELECTRONICS,1,COD,2246.00,461474,
ord_000487,cus_0321,2026-03-17T22:52:28+05:30,sku_LIF_003,LIFESTYLE,1,PREPAID,681.00,238494,
ord_000488,cus_0156,2026-03-18T00:08:08+05:30,sku_FAS_008,FASHION,1,COD,861.00,565499,
ord_000489,cus_0025,2026-03-18T00:13:20+05:30,sku_FAS_001,FASHION,1,PREPAID,643.00,795288,
ord_000490,cus_0357,2026-03-18T04:01:42+05:30,sku_ELE_002,ELECTRONICS,1,COD,2150.00,607440,
ord_000491,cus_0080,2026-03-18T14:14:01+05:30,sku_FAS_002,FASHION,1,COD,1604.00,439879,
ord_000492,cus_0166,2026-03-19T13:37:37+05:30,sku_FAS_011,FASHION,1,PREPAID,767.00,778573,
ord_000493,cus_0421,2026-03-19T14:03:24+05:30,sku_BEA_010,BEAUTY,1,COD,372.00,673268,
ord_000494,cus_0320,2026-03-19T19:38:11+05:30,sku_BEA_004,BEAUTY,1,COD,908.00,532921,
ord_000495,cus_0261,2026-03-19T23:18:56+05:30,sku_FAS_006,FASHION,1,PREPAID,609.00,478303,
ord_000496,cus_0051,2026-03-20T01:30:08+05:30,sku_LIF_006,LIFESTYLE,1,COD,1440.00,416852,
ord_000497,cus_0276,2026-03-20T05:07:30+05:30,sku_FAS_007,FASHION,1,PREPAID,962.00,447398,
ord_000498,cus_0033,2026-03-20T15:49:46+05:30,sku_FAS_002,FASHION,1,COD,509.00,645134,
ord_000499,cus_0183,2026-03-20T17:54:55+05:30,sku_FAS_012,FASHION,2,COD,1480.00,667219,
ord_000500,cus_0117,2026-03-20T22:43:42+05:30,sku_FAS_002,FASHION,1,PREPAID,2031.00,701575,
ord_000501,cus_0306,2026-03-21T00:24:06+05:30,sku_LIF_005,LIFESTYLE,1,PREPAID,586.00,460352,
ord_000502,cus_0248,2026-03-21T03:40:36+05:30,sku_FAS_006,FASHION,1,PREPAID,1685.00,417062,
ord_000503,cus_0195,2026-03-21T12:24:15+05:30,sku_BEA_005,BEAUTY,1,COD,419.00,359266,
ord_000504,cus_0033,2026-03-21T13:07:40+05:30,sku_FAS_017,FASHION,1,COD,707.00,645134,
ord_000505,cus_0227,2026-03-22T07:20:42+05:30,sku_FAS_002,FASHION,1,COD,379.00,511903,
ord_000506,cus_0124,2026-03-22T07:44:34+05:30,sku_LIF_005,LIFESTYLE,1,COD,475.00,478303,
ord_000507,cus_0312,2026-03-22T08:31:14+05:30,sku_ELE_025,ELECTRONICS,1,COD,2115.00,278689,
ord_000508,cus_0179,2026-03-22T09:35:17+05:30,sku_FAS_002,FASHION,1,COD,375.00,436711,
ord_scn_03_h1,cus_scn_03,2026-03-22T10:00:00+05:30,sku_scn_LIF,LIFESTYLE,1,PREPAID,799.00,317082,
ord_scn_04_h3,cus_scn_04,2026-03-22T10:00:00+05:30,sku_scn_FAS,FASHION,1,COD,1199.00,317082,
ord_000509,cus_0229,2026-03-22T15:10:43+05:30,sku_LIF_008,LIFESTYLE,1,COD,1207.00,452814,
ord_000510,cus_0108,2026-03-22T15:35:24+05:30,sku_BEA_009,BEAUTY,1,COD,293.00,207665,
ord_000511,cus_0120,2026-03-22T17:41:10+05:30,sku_BEA_004,BEAUTY,1,PREPAID,321.00,139058,
ord_000512,cus_0182,2026-03-23T01:59:57+05:30,sku_LIF_010,LIFESTYLE,1,PREPAID,645.00,417062,
ord_000513,cus_0175,2026-03-23T05:29:47+05:30,sku_FAS_011,FASHION,1,COD,456.00,553829,
ord_000514,cus_0186,2026-03-23T06:51:54+05:30,sku_LIF_013,LIFESTYLE,1,COD,188.00,436711,
ord_000515,cus_0135,2026-03-23T07:30:39+05:30,sku_FAS_001,FASHION,1,COD,1111.00,645134,
ord_000516,cus_0285,2026-03-23T15:53:13+05:30,sku_FAS_004,FASHION,1,PREPAID,1354.00,694506,
ord_000517,cus_0035,2026-03-23T16:32:37+05:30,sku_FAS_006,FASHION,2,PREPAID,936.00,113633,
ord_000518,cus_0250,2026-03-24T01:54:29+05:30,sku_FAS_025,FASHION,1,COD,1712.00,673280,
ord_000519,cus_0105,2026-03-24T03:46:22+05:30,sku_ELE_008,ELECTRONICS,1,COD,1159.00,667775,
ord_000520,cus_0416,2026-03-24T04:24:30+05:30,sku_FAS_002,FASHION,1,COD,856.00,177058,
ord_000521,cus_0042,2026-03-24T08:27:24+05:30,sku_LIF_001,LIFESTYLE,1,COD,681.00,667775,
ord_000522,cus_0107,2026-03-24T10:19:04+05:30,sku_ELE_002,ELECTRONICS,1,COD,7396.00,386687,
ord_000523,cus_0148,2026-03-24T13:07:56+05:30,sku_BEA_014,BEAUTY,1,COD,582.00,431651,
ord_000524,cus_0059,2026-03-24T17:20:42+05:30,sku_BEA_004,BEAUTY,1,PREPAID,530.00,439879,
ord_000525,cus_0127,2026-03-24T23:35:28+05:30,sku_FAS_010,FASHION,1,PREPAID,1143.00,207665,
ord_000526,cus_0008,2026-03-25T05:46:12+05:30,sku_FAS_005,FASHION,1,PREPAID,577.00,213637,
ord_000527,cus_0390,2026-03-25T07:47:26+05:30,sku_BEA_001,BEAUTY,1,PREPAID,260.00,678137,
ord_000528,cus_0005,2026-03-25T09:39:56+05:30,sku_FAS_009,FASHION,1,COD,1792.00,345280,
ord_000529,cus_0185,2026-03-25T09:43:29+05:30,sku_FAS_024,FASHION,1,COD,595.00,539253,
ord_000530,cus_0033,2026-03-25T16:02:12+05:30,sku_FAS_003,FASHION,1,COD,531.00,645134,
ord_000531,cus_0264,2026-03-25T19:22:31+05:30,sku_FAS_001,FASHION,2,PREPAID,4722.00,,
ord_000532,cus_0373,2026-03-25T21:29:26+05:30,sku_FAS_012,FASHION,1,COD,1850.00,711206,
ord_000533,cus_0388,2026-03-25T23:28:02+05:30,sku_ELE_023,ELECTRONICS,1,COD,1252.00,150883,
ord_000534,cus_0156,2026-03-26T01:32:02+05:30,sku_ELE_001,ELECTRONICS,1,PREPAID,4157.00,565499,
ord_000535,cus_0421,2026-03-26T01:40:10+05:30,sku_BEA_001,BEAUTY,1,COD,782.00,673268,
ord_000536,cus_0014,2026-03-26T02:48:32+05:30,sku_FAS_025,FASHION,1,COD,2252.00,478303,
ord_000537,cus_0290,2026-03-26T03:28:57+05:30,sku_LIF_001,LIFESTYLE,1,PREPAID,1601.00,711206,
ord_000538,cus_0157,2026-03-26T05:02:50+05:30,sku_FAS_002,FASHION,1,PREPAID,469.00,507014,
ord_000539,cus_0223,2026-03-26T10:50:44+05:30,sku_BEA_002,BEAUTY,1,COD,265.00,711206,
ord_000540,cus_0006,2026-03-26T13:16:30+05:30,sku_LIF_006,LIFESTYLE,1,PREPAID,1375.00,150883,
ord_000541,cus_0011,2026-03-26T16:05:02+05:30,sku_FAS_011,FASHION,1,PREPAID,1793.00,265368,
ord_000542,cus_0005,2026-03-26T20:23:58+05:30,sku_LIF_011,LIFESTYLE,1,COD,330.00,345280,
ord_000543,cus_0188,2026-03-26T22:19:43+05:30,sku_FAS_007,FASHION,1,COD,946.00,583341,
ord_000544,cus_0046,2026-03-26T22:32:14+05:30,sku_FAS_003,FASHION,2,PREPAID,1036.00,280772,
ord_000545,cus_0224,2026-03-27T00:00:32+05:30,sku_ELE_014,ELECTRONICS,1,COD,2516.00,621801,
ord_000546,cus_0002,2026-03-27T00:23:46+05:30,sku_FAS_005,FASHION,1,COD,1241.00,673280,
ord_000547,cus_0420,2026-03-27T09:25:51+05:30,sku_BEA_008,BEAUTY,2,COD,1230.00,285836,
ord_000548,cus_0266,2026-03-27T09:36:08+05:30,sku_BEA_001,BEAUTY,1,COD,492.00,,
ord_000549,cus_0314,2026-03-27T17:04:22+05:30,sku_FAS_008,FASHION,1,PREPAID,782.00,200681,
ord_000550,cus_0067,2026-03-27T23:14:48+05:30,sku_BEA_012,BEAUTY,1,PREPAID,231.00,682698,
ord_000551,cus_0106,2026-03-27T23:47:02+05:30,sku_FAS_003,FASHION,1,COD,451.00,265368,
ord_000552,cus_0421,2026-03-28T00:53:23+05:30,sku_BEA_001,BEAUTY,1,COD,410.00,673268,
ord_000553,cus_0243,2026-03-28T01:01:58+05:30,sku_LIF_001,LIFESTYLE,1,COD,1726.00,583341,
ord_000554,cus_0107,2026-03-28T13:01:49+05:30,sku_ELE_011,ELECTRONICS,2,COD,3430.00,386687,
ord_000555,cus_0123,2026-03-28T16:16:53+05:30,sku_FAS_003,FASHION,1,COD,1202.00,373290,
ord_000556,cus_0286,2026-03-28T17:27:10+05:30,sku_FAS_015,FASHION,1,COD,1145.00,508955,
ord_000557,cus_0190,2026-03-28T19:22:33+05:30,sku_FAS_005,FASHION,2,PREPAID,1246.00,447398,
ord_000558,cus_0297,2026-03-28T21:59:15+05:30,sku_FAS_025,FASHION,1,COD,1691.00,758397,
ord_000559,cus_0393,2026-03-29T06:35:26+05:30,sku_FAS_003,FASHION,1,COD,747.00,258546,
ord_000560,cus_0304,2026-03-29T11:33:13+05:30,sku_LIF_010,LIFESTYLE,1,COD,426.00,667775,
ord_000561,cus_0008,2026-03-29T15:25:56+05:30,sku_FAS_007,FASHION,2,COD,1160.00,213637,
ord_000562,cus_0426,2026-03-30T02:05:57+05:30,sku_LIF_003,LIFESTYLE,2,COD,300.00,511903,
ord_000563,cus_0424,2026-03-30T10:08:27+05:30,sku_LIF_002,LIFESTYLE,1,COD,359.00,522841,
ord_000564,cus_0427,2026-03-30T10:09:09+05:30,sku_FAS_010,FASHION,1,PREPAID,526.00,452814,
ord_000565,cus_0343,2026-03-30T13:28:59+05:30,sku_FAS_002,FASHION,1,PREPAID,677.00,565499,
ord_000566,cus_0030,2026-03-30T13:43:33+05:30,sku_FAS_022,FASHION,1,COD,910.00,140317,
ord_000567,cus_0424,2026-03-30T18:43:59+05:30,sku_LIF_001,LIFESTYLE,2,COD,2426.00,522841,
ord_000568,cus_0399,2026-03-30T22:06:27+05:30,sku_BEA_007,BEAUTY,1,COD,776.00,645134,
ord_000569,cus_0040,2026-03-31T01:48:11+05:30,sku_FAS_003,FASHION,1,COD,1609.00,220534,
ord_000570,cus_0311,2026-03-31T02:05:20+05:30,sku_FAS_024,FASHION,2,PREPAID,2876.00,371816,
ord_000571,cus_0078,2026-03-31T08:40:52+05:30,sku_ELE_001,ELECTRONICS,1,PREPAID,1704.00,582004,
ord_000572,cus_0415,2026-03-31T11:42:05+05:30,sku_LIF_002,LIFESTYLE,2,PARTIAL_COD,1088.00,207665,
ord_000573,cus_0290,2026-03-31T13:30:58+05:30,sku_FAS_002,FASHION,1,COD,962.00,711206,
ord_000574,cus_0143,2026-03-31T14:09:11+05:30,sku_FAS_011,FASHION,2,PREPAID,1178.00,417062,
ord_000575,cus_0378,2026-03-31T19:24:15+05:30,sku_FAS_013,FASHION,2,PREPAID,2632.00,607440,
ord_000576,cus_0163,2026-04-01T00:16:15+05:30,sku_LIF_006,LIFESTYLE,1,COD,696.00,436711,
ord_000577,cus_0130,2026-04-01T03:23:08+05:30,sku_LIF_002,LIFESTYLE,1,COD,526.00,673268,
ord_000578,cus_0097,2026-04-01T04:26:15+05:30,sku_FAS_006,FASHION,1,COD,565.00,207665,
ord_000579,cus_0134,2026-04-01T08:06:25+05:30,sku_FAS_010,FASHION,1,COD,1354.00,539253,
ord_000580,cus_0430,2026-04-01T09:52:02+05:30,sku_FAS_016,FASHION,1,COD,728.00,439879,
ord_scn_02_h1,cus_scn_02,2026-04-01T10:00:00+05:30,sku_scn_FAS,FASHION,1,COD,1299.00,431651,
ord_scn_04_h4,cus_scn_04,2026-04-01T10:00:00+05:30,sku_scn_FAS,FASHION,1,COD,1199.00,317082,
ord_000581,cus_0008,2026-04-01T10:39:56+05:30,sku_FAS_009,FASHION,1,COD,628.00,213637,
ord_000582,cus_0021,2026-04-01T22:42:30+05:30,sku_BEA_002,BEAUTY,1,PREPAID,429.00,598445,
ord_000583,cus_0300,2026-04-01T23:25:59+05:30,sku_LIF_007,LIFESTYLE,1,PREPAID,890.00,522737,
ord_000584,cus_0416,2026-04-01T23:32:25+05:30,sku_FAS_005,FASHION,1,PARTIAL_COD,750.00,177058,
ord_000585,cus_0286,2026-04-01T23:37:44+05:30,sku_FAS_005,FASHION,2,COD,654.00,508955,
ord_000586,cus_0146,2026-04-02T00:46:03+05:30,sku_BEA_004,BEAUTY,1,PREPAID,622.00,544127,
ord_000587,cus_0333,2026-04-02T04:49:53+05:30,sku_FAS_004,FASHION,1,PREPAID,601.00,265368,
ord_000588,cus_0218,2026-04-02T09:32:22+05:30,sku_FAS_014,FASHION,1,PREPAID,1727.00,676562,
ord_000589,cus_0135,2026-04-02T16:11:48+05:30,sku_LIF_025,LIFESTYLE,1,COD,691.00,645134,
ord_000590,cus_0099,2026-04-02T19:37:12+05:30,sku_FAS_009,FASHION,1,COD,1504.00,280772,
ord_000591,cus_0125,2026-04-02T20:10:00+05:30,sku_ELE_003,ELECTRONICS,1,COD,1844.00,551386,
ord_000592,cus_0314,2026-04-02T20:40:06+05:30,sku_FAS_004,FASHION,1,COD,673.00,200681,
ord_000593,cus_0029,2026-04-02T21:35:09+05:30,sku_ELE_022,ELECTRONICS,1,PREPAID,766.00,795288,
ord_000594,cus_0428,2026-04-02T22:07:22+05:30,sku_BEA_002,BEAUTY,1,COD,561.00,184676,
ord_000595,cus_0421,2026-04-02T23:28:08+05:30,sku_FAS_005,FASHION,1,COD,833.00,673268,
ord_000596,cus_0046,2026-04-03T05:35:45+05:30,sku_FAS_014,FASHION,1,COD,594.00,280772,
ord_000597,cus_0227,2026-04-03T06:14:03+05:30,sku_FAS_012,FASHION,1,COD,678.00,511903,
ord_000598,cus_0241,2026-04-03T07:36:09+05:30,sku_BEA_005,BEAUTY,1,COD,273.00,416852,
ord_000599,cus_0413,2026-04-03T09:32:57+05:30,sku_FAS_008,FASHION,1,COD,612.00,359266,
ord_000600,cus_0394,2026-04-03T10:14:51+05:30,sku_ELE_009,ELECTRONICS,1,PREPAID,3089.00,465238,
ord_000601,cus_0299,2026-04-03T13:01:55+05:30,sku_ELE_009,ELECTRONICS,2,COD,4658.00,758397,
ord_000602,cus_0392,2026-04-04T01:34:34+05:30,sku_LIF_007,LIFESTYLE,1,COD,597.00,452814,
ord_000603,cus_0219,2026-04-04T03:06:42+05:30,sku_BEA_005,BEAUTY,1,COD,601.00,464710,
ord_000604,cus_0219,2026-04-04T03:11:39+05:30,sku_FAS_014,FASHION,1,COD,1048.00,464710,
ord_000605,cus_0071,2026-04-04T04:27:51+05:30,sku_ELE_003,ELECTRONICS,1,COD,2156.00,213637,
ord_000606,cus_0224,2026-04-04T07:52:37+05:30,sku_FAS_008,FASHION,2,COD,1352.00,621801,
ord_000607,cus_0340,2026-04-04T10:25:49+05:30,sku_FAS_003,FASHION,1,PREPAID,632.00,778573,
ord_000608,cus_0042,2026-04-04T22:00:31+05:30,sku_LIF_002,LIFESTYLE,1,COD,647.00,667775,
ord_000609,cus_0427,2026-04-04T22:41:11+05:30,sku_FAS_002,FASHION,1,PREPAID,917.00,452814,
ord_000610,cus_0386,2026-04-05T01:13:57+05:30,sku_FAS_025,FASHION,1,COD,528.00,739612,
ord_000611,cus_0029,2026-04-05T01:37:44+05:30,sku_ELE_006,ELECTRONICS,1,COD,2799.00,795288,
ord_000612,cus_0054,2026-04-05T02:46:19+05:30,sku_FAS_014,FASHION,1,COD,790.00,461474,
ord_000613,cus_0119,2026-04-05T07:19:23+05:30,sku_FAS_007,FASHION,1,COD,853.00,491864,
ord_000614,cus_0035,2026-04-05T08:21:20+05:30,sku_FAS_007,FASHION,1,PREPAID,1856.00,113633,
ord_000615,cus_0103,2026-04-05T10:21:13+05:30,sku_FAS_002,FASHION,1,PREPAID,1490.00,332892,
ord_000616,cus_0023,2026-04-05T12:17:29+05:30,sku_LIF_019,LIFESTYLE,1,PREPAID,539.00,544127,
ord_000617,cus_0193,2026-04-05T18:04:01+05:30,sku_ELE_008,ELECTRONICS,2,PREPAID,4198.00,522737,
ord_000618,cus_0015,2026-04-05T20:17:05+05:30,sku_FAS_003,FASHION,1,COD,1009.00,567918,
ord_000619,cus_0078,2026-04-05T23:10:15+05:30,sku_FAS_009,FASHION,1,PREPAID,716.00,582004,
ord_000620,cus_0084,2026-04-06T02:41:20+05:30,sku_LIF_006,LIFESTYLE,1,COD,1428.00,173130,
ord_000621,cus_0001,2026-04-06T03:32:45+05:30,sku_BEA_003,BEAUTY,1,PREPAID,478.00,386687,
ord_000622,cus_0383,2026-04-06T06:20:31+05:30,sku_FAS_001,FASHION,1,COD,1091.00,565499,
ord_scn_03_h2,cus_scn_03,2026-04-06T10:00:00+05:30,sku_scn_LIF,LIFESTYLE,1,PREPAID,799.00,317082,
ord_000623,cus_0241,2026-04-06T10:45:39+05:30,sku_BEA_007,BEAUTY,1,COD,505.00,416852,
ord_000624,cus_0441,2026-04-06T13:09:25+05:30,sku_BEA_001,BEAUTY,2,COD,1208.00,460352,
ord_000625,cus_0023,2026-04-06T13:28:19+05:30,sku_FAS_008,FASHION,2,COD,1500.00,544127,
ord_000626,cus_0361,2026-04-07T02:30:41+05:30,sku_LIF_024,LIFESTYLE,1,COD,1298.00,439879,
ord_000627,cus_0359,2026-04-07T07:09:32+05:30,sku_FAS_001,FASHION,1,PREPAID,680.00,280772,
ord_000628,cus_0109,2026-04-07T14:55:51+05:30,sku_FAS_006,FASHION,1,COD,1189.00,216572,
ord_000629,cus_0392,2026-04-07T20:46:51+05:30,sku_FAS_003,FASHION,2,COD,2582.00,,
ord_000630,cus_0241,2026-04-07T22:28:37+05:30,sku_BEA_019,BEAUTY,1,COD,782.00,416852,
ord_000631,cus_0284,2026-04-07T22:35:57+05:30,sku_BEA_001,BEAUTY,1,COD,473.00,511903,
ord_000632,cus_0353,2026-04-07T23:15:50+05:30,sku_FAS_016,FASHION,1,COD,862.00,140317,
ord_000633,cus_0303,2026-04-08T01:16:39+05:30,sku_FAS_003,FASHION,1,PREPAID,1167.00,553829,
ord_000634,cus_0216,2026-04-08T02:10:53+05:30,sku_FAS_007,FASHION,1,COD,1071.00,112577,
ord_000635,cus_0268,2026-04-08T07:01:57+05:30,sku_BEA_025,BEAUTY,1,COD,586.00,598445,
ord_000636,cus_0161,2026-04-08T16:43:03+05:30,sku_ELE_008,ELECTRONICS,2,COD,5848.00,739612,
ord_000637,cus_0391,2026-04-08T16:45:57+05:30,sku_LIF_013,LIFESTYLE,2,COD,2068.00,113633,
ord_000638,cus_0109,2026-04-09T05:33:07+05:30,sku_FAS_006,FASHION,1,COD,832.00,216572,
ord_000639,cus_0262,2026-04-09T09:28:43+05:30,sku_BEA_011,BEAUTY,1,PREPAID,422.00,685125,
ord_000640,cus_0063,2026-04-09T16:20:22+05:30,sku_BEA_002,BEAUTY,1,PREPAID,582.00,464710,
ord_000641,cus_0162,2026-04-09T20:15:19+05:30,sku_BEA_004,BEAUTY,1,PREPAID,575.00,517094,
ord_000642,cus_0340,2026-04-09T23:03:34+05:30,sku_LIF_006,LIFESTYLE,1,PREPAID,790.00,778573,
ord_000643,cus_0314,2026-04-10T00:03:57+05:30,sku_FAS_004,FASHION,1,COD,1246.00,200681,
ord_000644,cus_0438,2026-04-10T00:27:52+05:30,sku_FAS_020,FASHION,1,PREPAID,1910.00,551386,
ord_000645,cus_0160,2026-04-10T02:43:21+05:30,sku_ELE_001,ELECTRONICS,1,COD,1856.00,377461,
ord_000646,cus_0259,2026-04-10T07:08:21+05:30,sku_FAS_001,FASHION,1,PREPAID,1133.00,439879,
ord_000647,cus_0046,2026-04-10T08:25:59+05:30,sku_LIF_008,LIFESTYLE,1,COD,876.00,280772,
ord_000648,cus_0409,2026-04-11T03:09:34+05:30,sku_FAS_001,FASHION,1,COD,2389.00,544127,
ord_000649,cus_0135,2026-04-11T07:09:42+05:30,sku_FAS_008,FASHION,1,COD,639.00,645134,
ord_scn_01_h1,cus_scn_01,2026-04-11T10:00:00+05:30,sku_scn_BEA,BEAUTY,1,PREPAID,599.00,317082,
ord_scn_04,cus_scn_04,2026-04-11T10:00:00+05:30,sku_scn_FAS,FASHION,1,COD,1199.00,317082,
ord_000650,cus_0352,2026-04-11T20:02:13+05:30,sku_LIF_002,LIFESTYLE,1,COD,249.00,265698,
ord_000651,cus_0261,2026-04-12T04:30:16+05:30,sku_FAS_004,FASHION,1,PREPAID,602.00,478303,
ord_000652,cus_0158,2026-04-12T06:27:31+05:30,sku_FAS_005,FASHION,1,PREPAID,473.00,461474,
ord_000653,cus_0321,2026-04-12T09:47:14+05:30,sku_FAS_007,FASHION,1,PREPAID,959.00,238494,
ord_000654,cus_0225,2026-04-12T13:52:51+05:30,sku_FAS_006,FASHION,1,PREPAID,595.00,611466,
ord_000655,cus_0288,2026-04-12T15:42:59+05:30,sku_FAS_004,FASHION,1,PREPAID,702.00,285836,
ord_000656,cus_0439,2026-04-12T19:37:25+05:30,sku_LIF_002,LIFESTYLE,1,COD,1230.00,667775,
ord_000657,cus_0420,2026-04-12T22:43:48+05:30,sku_ELE_012,ELECTRONICS,1,COD,3270.00,285836,
ord_000658,cus_0135,2026-04-13T02:48:29+05:30,sku_FAS_001,FASHION,1,PREPAID,1745.00,645134,
ord_000659,cus_0158,2026-04-13T05:16:11+05:30,sku_FAS_003,FASHION,1,COD,402.00,461474,
ord_000660,cus_0044,2026-04-13T06:58:11+05:30,sku_FAS_008,FASHION,1,PREPAID,803.00,148311,
ord_000661,cus_0086,2026-04-13T09:19:09+05:30,sku_BEA_008,BEAUTY,1,COD,574.00,607440,
ord_000662,cus_0438,2026-04-13T13:31:44+05:30,sku_FAS_012,FASHION,1,COD,990.00,551386,
ord_000663,cus_0208,2026-04-13T14:46:23+05:30,sku_ELE_007,ELECTRONICS,1,PREPAID,2462.00,436711,
ord_000664,cus_0020,2026-04-13T22:53:40+05:30,sku_FAS_025,FASHION,1,COD,550.00,112577,
ord_000665,cus_0078,2026-04-14T03:45:24+05:30,sku_FAS_001,FASHION,1,PREPAID,294.00,582004,
ord_000666,cus_0159,2026-04-14T19:04:34+05:30,sku_FAS_022,FASHION,1,COD,549.00,464710,
ord_000667,cus_0003,2026-04-14T19:33:10+05:30,sku_BEA_003,BEAUTY,1,COD,387.00,265698,
ord_000668,cus_0315,2026-04-15T06:38:20+05:30,sku_FAS_003,FASHION,1,COD,910.00,460352,
ord_000669,cus_0395,2026-04-15T09:58:13+05:30,sku_BEA_005,BEAUTY,1,COD,546.00,139058,
ord_000670,cus_0336,2026-04-15T11:19:37+05:30,sku_BEA_012,BEAUTY,1,COD,1188.00,761872,
ord_000671,cus_0007,2026-04-15T13:37:30+05:30,sku_LIF_017,LIFESTYLE,1,COD,370.00,192156,
ord_000672,cus_0243,2026-04-15T14:39:20+05:30,sku_LIF_017,LIFESTYLE,1,COD,368.00,583341,
ord_000673,cus_0175,2026-04-16T03:41:44+05:30,sku_ELE_018,ELECTRONICS,1,PREPAID,2162.00,553829,
ord_scn_02_h2,cus_scn_02,2026-04-16T10:00:00+05:30,sku_scn_FAS,FASHION,1,COD,1399.00,431651,
ord_000674,cus_0381,2026-04-16T12:37:48+05:30,sku_FAS_020,FASHION,1,PREPAID,2332.00,248409,
ord_000675,cus_0082,2026-04-16T14:27:44+05:30,sku_BEA_021,BEAUTY,1,PREPAID,744.00,,
ord_000676,cus_0307,2026-04-16T16:13:46+05:30,sku_ELE_002,ELECTRONICS,1,PREPAID,4640.00,785334,
ord_000677,cus_0122,2026-04-16T17:38:16+05:30,sku_FAS_025,FASHION,1,COD,308.00,567918,
ord_000678,cus_0179,2026-04-16T20:51:25+05:30,sku_FAS_001,FASHION,1,PREPAID,850.00,436711,
ord_000679,cus_0109,2026-04-16T22:25:03+05:30,sku_BEA_006,BEAUTY,1,COD,762.00,216572,
ord_000680,cus_0270,2026-04-17T00:56:17+05:30,sku_LIF_005,LIFESTYLE,1,COD,935.00,439879,
ord_000681,cus_0324,2026-04-17T05:16:36+05:30,sku_BEA_011,BEAUTY,1,COD,705.00,795288,
ord_000682,cus_0115,2026-04-17T07:15:16+05:30,sku_FAS_005,FASHION,1,COD,615.00,758397,
ord_000683,cus_0158,2026-04-17T10:10:11+05:30,sku_FAS_008,FASHION,1,PREPAID,539.00,461474,
ord_000684,cus_0225,2026-04-17T10:28:27+05:30,sku_FAS_005,FASHION,1,PREPAID,824.00,611466,
ord_000685,cus_0178,2026-04-17T13:30:36+05:30,sku_FAS_017,FASHION,1,PARTIAL_COD,1027.00,452814,
ord_000686,cus_0213,2026-04-17T16:36:38+05:30,sku_LIF_001,LIFESTYLE,1,COD,430.00,278689,
ord_000687,cus_0060,2026-04-18T01:29:25+05:30,sku_FAS_003,FASHION,2,PREPAID,3516.00,,
ord_000688,cus_0427,2026-04-18T01:34:41+05:30,sku_FAS_012,FASHION,1,PREPAID,1408.00,452814,
ord_000689,cus_0308,2026-04-18T04:23:43+05:30,sku_FAS_011,FASHION,1,COD,715.00,417062,
ord_000690,cus_0032,2026-04-18T04:51:50+05:30,sku_ELE_001,ELECTRONICS,1,COD,2805.00,508955,
ord_000691,cus_0112,2026-04-18T08:46:24+05:30,sku_BEA_006,BEAUTY,1,COD,482.00,431651,
ord_000692,cus_0275,2026-04-18T09:32:57+05:30,sku_LIF_001,LIFESTYLE,1,COD,1355.00,439879,
ord_000693,cus_0070,2026-04-18T13:12:22+05:30,sku_FAS_013,FASHION,1,PREPAID,794.00,673268,
ord_000694,cus_0041,2026-04-18T14:24:15+05:30,sku_FAS_003,FASHION,1,COD,534.00,793325,
ord_000695,cus_0317,2026-04-18T19:46:14+05:30,sku_FAS_012,FASHION,1,COD,823.00,118138,
ord_000696,cus_0202,2026-04-18T22:10:34+05:30,sku_FAS_011,FASHION,1,COD,614.00,742787,
ord_000697,cus_0304,2026-04-18T23:18:37+05:30,sku_LIF_001,LIFESTYLE,2,COD,1200.00,667775,
ord_000698,cus_0183,2026-04-19T00:26:18+05:30,sku_FAS_003,FASHION,1,COD,1035.00,667219,
ord_000699,cus_0405,2026-04-19T09:34:08+05:30,sku_ELE_025,ELECTRONICS,1,COD,2707.00,483376,
ord_000700,cus_0209,2026-04-19T13:55:04+05:30,sku_FAS_001,FASHION,1,PREPAID,875.00,461474,
ord_000701,cus_0101,2026-04-19T18:24:29+05:30,sku_FAS_017,FASHION,1,COD,1082.00,778573,
ord_000702,cus_0002,2026-04-19T19:00:15+05:30,sku_LIF_008,LIFESTYLE,1,COD,858.00,673280,
ord_000703,cus_0037,2026-04-19T20:40:09+05:30,sku_BEA_001,BEAUTY,1,PREPAID,1261.00,258546,
ord_000704,cus_0260,2026-04-19T21:17:04+05:30,sku_LIF_007,LIFESTYLE,1,PREPAID,1076.00,522737,
ord_000705,cus_0321,2026-04-20T07:33:09+05:30,sku_FAS_020,FASHION,1,COD,625.00,238494,
ord_000706,cus_0279,2026-04-20T16:22:48+05:30,sku_ELE_003,ELECTRONICS,1,COD,6189.00,461738,
ord_000707,cus_0343,2026-04-21T02:23:16+05:30,sku_FAS_004,FASHION,1,PREPAID,681.00,565499,
ord_000708,cus_0045,2026-04-21T05:29:14+05:30,sku_LIF_005,LIFESTYLE,1,COD,557.00,598445,
ord_scn_03_h3,cus_scn_03,2026-04-21T10:00:00+05:30,sku_scn_LIF,LIFESTYLE,1,PREPAID,799.00,317082,
ord_scn_05,cus_scn_05,2026-04-21T10:00:00+05:30,sku_scn_FAS,FASHION,1,COD,2499.00,317082,
ord_000709,cus_0073,2026-04-21T11:33:52+05:30,sku_ELE_002,ELECTRONICS,1,PREPAID,1599.00,192156,
ord_000710,cus_0268,2026-04-21T12:56:02+05:30,sku_BEA_024,BEAUTY,1,PREPAID,361.00,598445,
ord_000711,cus_0263,2026-04-21T14:24:07+05:30,sku_LIF_001,LIFESTYLE,1,COD,555.00,439879,
ord_000712,cus_0048,2026-04-21T14:32:06+05:30,sku_ELE_001,ELECTRONICS,2,PREPAID,5320.00,461474,
ord_000713,cus_0271,2026-04-21T18:34:28+05:30,sku_FAS_003,FASHION,1,PREPAID,1706.00,785334,
ord_000714,cus_0078,2026-04-21T18:36:01+05:30,sku_FAS_004,FASHION,1,COD,427.00,582004,
ord_000715,cus_0410,2026-04-21T18:46:45+05:30,sku_FAS_001,FASHION,2,PREPAID,1350.00,553829,
ord_000716,cus_0179,2026-04-21T18:52:10+05:30,sku_FAS_003,FASHION,1,PREPAID,1106.00,436711,
ord_000717,cus_0334,2026-04-21T21:24:39+05:30,sku_LIF_006,LIFESTYLE,1,COD,547.00,134617,
ord_000718,cus_0207,2026-04-21T22:41:25+05:30,sku_LIF_008,LIFESTYLE,1,COD,920.00,565499,
ord_000719,cus_0206,2026-04-22T01:30:09+05:30,sku_LIF_012,LIFESTYLE,1,PREPAID,313.00,553829,
ord_000720,cus_0102,2026-04-22T03:12:56+05:30,sku_FAS_008,FASHION,1,PREPAID,1066.00,587467,
ord_000721,cus_0426,2026-04-22T05:29:32+05:30,sku_LIF_010,LIFESTYLE,1,COD,688.00,511903,
ord_000722,cus_0087,2026-04-22T06:59:55+05:30,sku_FAS_007,FASHION,1,PREPAID,901.00,517094,
ord_000723,cus_0423,2026-04-22T09:06:25+05:30,sku_FAS_025,FASHION,1,COD,1409.00,414538,
ord_000724,cus_0105,2026-04-22T09:33:04+05:30,sku_ELE_003,ELECTRONICS,1,COD,6329.00,667775,
ord_000725,cus_0147,2026-04-22T09:56:02+05:30,sku_FAS_012,FASHION,2,PREPAID,2464.00,532921,
ord_000726,cus_0052,2026-04-22T12:26:42+05:30,sku_FAS_009,FASHION,1,PREPAID,577.00,192156,
ord_000727,cus_0373,2026-04-22T21:23:05+05:30,sku_FAS_002,FASHION,2,PREPAID,2310.00,711206,
ord_000728,cus_0429,2026-04-23T00:12:36+05:30,sku_LIF_001,LIFESTYLE,2,PREPAID,1444.00,345280,
ord_000729,cus_0012,2026-04-23T01:07:17+05:30,sku_FAS_016,FASHION,2,COD,784.00,371816,
ord_000730,cus_0268,2026-04-23T09:45:08+05:30,sku_BEA_014,BEAUTY,1,COD,393.00,598445,
ord_scn_06,cus_scn_06,2026-04-23T10:00:00+05:30,sku_scn_ELE,ELECTRONICS,1,PREPAID,1499.00,317082,
ord_000731,cus_0209,2026-04-23T10:33:18+05:30,sku_FAS_003,FASHION,1,COD,3063.00,461474,
ord_000732,cus_0431,2026-04-23T11:10:33+05:30,sku_FAS_012,FASHION,1,PREPAID,839.00,678137,
ord_000733,cus_0132,2026-04-23T14:02:10+05:30,sku_FAS_008,FASHION,1,COD,702.00,491864,
ord_000734,cus_0387,2026-04-23T18:49:51+05:30,sku_FAS_002,FASHION,2,PREPAID,1430.00,189144,
ord_000735,cus_0357,2026-04-24T01:02:14+05:30,sku_ELE_001,ELECTRONICS,1,COD,1400.00,607440,
ord_000736,cus_0321,2026-04-24T02:36:18+05:30,sku_FAS_002,FASHION,1,PREPAID,1153.00,238494,
ord_000737,cus_0097,2026-04-24T04:29:30+05:30,sku_FAS_025,FASHION,1,PREPAID,1002.00,207665,
ord_000738,cus_0119,2026-04-24T12:34:00+05:30,sku_FAS_001,FASHION,1,PREPAID,1691.00,491864,
ord_000739,cus_0375,2026-04-24T17:43:02+05:30,sku_ELE_025,ELECTRONICS,1,COD,3274.00,317082,
ord_000740,cus_0205,2026-04-24T17:57:24+05:30,sku_FAS_011,FASHION,1,PREPAID,1323.00,345673,
ord_000741,cus_0139,2026-04-25T01:47:43+05:30,sku_LIF_005,LIFESTYLE,2,COD,1370.00,452814,
ord_000742,cus_0354,2026-04-25T04:50:12+05:30,sku_ELE_009,ELECTRONICS,1,COD,7209.00,213637,
ord_000743,cus_0061,2026-04-25T15:20:05+05:30,sku_FAS_025,FASHION,1,COD,828.00,265698,
ord_000744,cus_0346,2026-04-25T17:16:35+05:30,sku_FAS_001,FASHION,1,COD,1065.00,478303,
ord_000745,cus_0086,2026-04-25T23:15:31+05:30,sku_FAS_001,FASHION,1,PREPAID,1106.00,607440,
ord_000746,cus_0342,2026-04-26T04:54:20+05:30,sku_FAS_007,FASHION,1,PREPAID,669.00,673268,
ord_000747,cus_0184,2026-04-26T09:58:07+05:30,sku_BEA_024,BEAUTY,1,COD,540.00,656870,
ord_scn_01_h2,cus_scn_01,2026-04-26T10:00:00+05:30,sku_scn_BEA,BEAUTY,1,PREPAID,549.00,317082,
ord_scn_07,cus_scn_04,2026-04-26T10:00:00+05:30,sku_scn_FAS,FASHION,1,COD,1299.00,317082,
ord_000748,cus_0245,2026-04-26T10:12:08+05:30,sku_LIF_005,LIFESTYLE,1,COD,930.00,693045,
ord_000749,cus_0034,2026-04-26T10:43:09+05:30,sku_LIF_022,LIFESTYLE,1,PREPAID,971.00,693045,
ord_000750,cus_0030,2026-04-26T18:16:36+05:30,sku_FAS_013,FASHION,1,COD,634.00,140317,
ord_000751,cus_0392,2026-04-26T21:12:04+05:30,sku_BEA_013,BEAUTY,1,PREPAID,363.00,452814,
ord_000752,cus_0283,2026-04-26T21:42:02+05:30,sku_FAS_002,FASHION,1,PREPAID,289.00,373290,
ord_000753,cus_0441,2026-04-26T22:04:32+05:30,sku_BEA_019,BEAUTY,1,PREPAID,762.00,460352,
ord_000754,cus_0398,2026-04-26T22:18:56+05:30,sku_ELE_004,ELECTRONICS,1,COD,3643.00,685125,
ord_000755,cus_0062,2026-04-27T00:21:39+05:30,sku_LIF_004,LIFESTYLE,1,COD,742.00,118138,
ord_000756,cus_0270,2026-04-27T06:26:34+05:30,sku_LIF_003,LIFESTYLE,2,COD,2852.00,439879,
ord_000757,cus_0240,2026-04-27T07:06:43+05:30,sku_BEA_005,BEAUTY,2,COD,902.00,439879,
ord_000758,cus_0030,2026-04-27T13:03:04+05:30,sku_FAS_014,FASHION,1,COD,445.00,140317,
ord_000759,cus_0225,2026-04-27T13:04:04+05:30,sku_FAS_005,FASHION,1,PREPAID,991.00,611466,
ord_000760,cus_0335,2026-04-27T14:36:09+05:30,sku_LIF_002,LIFESTYLE,1,PREPAID,787.00,432828,
ord_000761,cus_0209,2026-04-27T21:13:47+05:30,sku_FAS_004,FASHION,1,COD,746.00,461474,
ord_000762,cus_0019,2026-04-27T22:45:38+05:30,sku_FAS_011,FASHION,1,PREPAID,728.00,541242,
ord_000763,cus_0211,2026-04-28T02:13:32+05:30,sku_ELE_012,ELECTRONICS,1,PREPAID,4273.00,792303,
ord_000764,cus_0143,2026-04-28T02:30:11+05:30,sku_FAS_002,FASHION,1,PREPAID,595.00,417062,
ord_000765,cus_0222,2026-04-28T05:46:26+05:30,sku_FAS_005,FASHION,1,PREPAID,1344.00,567918,
ord_000766,cus_0404,2026-04-28T06:20:13+05:30,sku_ELE_004,ELECTRONICS,2,PREPAID,8644.00,728973,
ord_000767,cus_0435,2026-04-28T08:10:39+05:30,sku_FAS_017,FASHION,1,PREPAID,890.00,213637,
ord_000768,cus_0235,2026-04-28T08:29:30+05:30,sku_ELE_025,ELECTRONICS,1,COD,1944.00,544127,
ord_000769,cus_0402,2026-04-28T08:47:45+05:30,sku_BEA_014,BEAUTY,1,COD,1097.00,431651,
ord_000770,cus_0236,2026-04-28T12:53:58+05:30,sku_BEA_013,BEAUTY,1,PREPAID,835.00,112577,
ord_000771,cus_0219,2026-04-28T21:57:31+05:30,sku_FAS_005,FASHION,1,COD,1486.00,464710,
ord_000772,cus_0328,2026-04-29T00:10:44+05:30,sku_BEA_012,BEAUTY,1,PREPAID,841.00,551386,
ord_000773,cus_0136,2026-04-29T02:31:35+05:30,sku_LIF_004,LIFESTYLE,1,PREPAID,889.00,213637,
ord_000774,cus_0158,2026-04-29T07:04:34+05:30,sku_FAS_011,FASHION,1,COD,1007.00,461474,
ord_000775,cus_0087,2026-04-29T08:44:21+05:30,sku_FAS_013,FASHION,1,PREPAID,1460.00,517094,
ord_000776,cus_0072,2026-04-29T14:31:17+05:30,sku_LIF_004,LIFESTYLE,1,PREPAID,672.00,220534,
ord_000777,cus_0175,2026-04-29T14:56:52+05:30,sku_ELE_015,ELECTRONICS,1,PREPAID,2998.00,553829,
ord_000778,cus_0153,2026-04-29T18:57:11+05:30,sku_LIF_012,LIFESTYLE,1,COD,1674.00,583341,
ord_000779,cus_0374,2026-04-29T21:26:16+05:30,sku_FAS_007,FASHION,1,PREPAID,1360.00,345280,
ord_000780,cus_0404,2026-04-29T21:46:52+05:30,sku_ELE_005,ELECTRONICS,1,COD,2438.00,728973,
ord_000781,cus_0285,2026-04-29T23:55:45+05:30,sku_FAS_008,FASHION,1,PREPAID,894.00,,
ord_000782,cus_0174,2026-04-30T00:46:30+05:30,sku_ELE_001,ELECTRONICS,1,COD,3818.00,795288,
ord_000783,cus_0284,2026-04-30T03:40:32+05:30,sku_ELE_011,ELECTRONICS,1,COD,2542.00,511903,
ord_000784,cus_0083,2026-04-30T04:21:27+05:30,sku_FAS_007,FASHION,1,COD,816.00,377461,
ord_000785,cus_0306,2026-04-30T06:35:36+05:30,sku_FAS_002,FASHION,1,PREPAID,900.00,460352,
ord_000786,cus_0300,2026-04-30T08:41:23+05:30,sku_FAS_003,FASHION,2,COD,1144.00,522737,
ord_000787,cus_0381,2026-04-30T11:14:04+05:30,sku_ELE_014,ELECTRONICS,1,COD,2252.00,248409,
ord_000788,cus_0320,2026-04-30T12:51:42+05:30,sku_BEA_003,BEAUTY,1,PREPAID,719.00,532921,
ord_000789,cus_0372,2026-04-30T15:27:16+05:30,sku_FAS_004,FASHION,1,PREPAID,2634.00,464710,
ord_000790,cus_0072,2026-04-30T16:06:09+05:30,sku_LIF_002,LIFESTYLE,1,PREPAID,998.00,220534,
ord_000791,cus_0377,2026-05-01T00:37:34+05:30,sku_FAS_005,FASHION,1,PREPAID,498.00,278689,
ord_000792,cus_0201,2026-05-01T03:02:37+05:30,sku_FAS_005,FASHION,1,PREPAID,1491.00,139058,
ord_000793,cus_0142,2026-05-01T04:14:01+05:30,sku_FAS_002,FASHION,1,PREPAID,1281.00,583341,
ord_000794,cus_0263,2026-05-01T09:32:58+05:30,sku_FAS_002,FASHION,1,PREPAID,1190.00,439879,
ord_scn_03,cus_scn_03,2026-05-01T10:00:00+05:30,sku_scn_LIF,LIFESTYLE,1,PREPAID,899.00,317082,
ord_000795,cus_0273,2026-05-01T11:11:58+05:30,sku_BEA_005,BEAUTY,2,PREPAID,1292.00,113633,
ord_000796,cus_0267,2026-05-01T17:47:50+05:30,sku_FAS_012,FASHION,1,PREPAID,879.00,373290,
ord_000797,cus_0044,2026-05-01T18:34:03+05:30,sku_FAS_002,FASHION,1,COD,1041.00,148311,
ord_000798,cus_0365,2026-05-02T02:13:49+05:30,sku_BEA_005,BEAUTY,1,PREPAID,514.00,248409,
ord_000799,cus_0255,2026-05-02T02:29:10+05:30,sku_LIF_007,LIFESTYLE,1,PREPAID,720.00,112577,
ord_000800,cus_0053,2026-05-02T04:00:30+05:30,sku_BEA_014,BEAUTY,2,PREPAID,936.00,461738,
ord_000801,cus_0244,2026-05-02T06:50:53+05:30,sku_LIF_025,LIFESTYLE,1,COD,1140.00,213637,
ord_000802,cus_0407,2026-05-02T11:40:39+05:30,sku_BEA_005,BEAUTY,1,COD,386.00,432828,
ord_000803,cus_0025,2026-05-02T16:20:33+05:30,sku_FAS_004,FASHION,1,COD,543.00,795288,
ord_000804,cus_0253,2026-05-02T17:58:50+05:30,sku_LIF_008,LIFESTYLE,2,COD,1980.00,364963,
ord_000805,cus_0214,2026-05-02T18:02:21+05:30,sku_LIF_004,LIFESTYLE,2,PREPAID,1332.00,667775,
ord_000806,cus_0096,2026-05-02T23:18:29+05:30,sku_BEA_003,BEAUTY,1,PREPAID,681.00,739612,
ord_000807,cus_0390,2026-05-03T09:49:28+05:30,sku_LIF_014,LIFESTYLE,1,COD,1376.00,678137,
ord_000808,cus_0237,2026-05-03T17:25:49+05:30,sku_FAS_005,FASHION,1,PREPAID,693.00,112577,
ord_000809,cus_0274,2026-05-03T19:02:45+05:30,sku_ELE_006,ELECTRONICS,2,COD,6088.00,317082,
ord_000810,cus_0178,2026-05-04T06:26:37+05:30,sku_FAS_003,FASHION,2,PREPAID,2582.00,452814,
ord_000811,cus_0435,2026-05-04T17:28:24+05:30,sku_FAS_001,FASHION,1,COD,2614.00,213637,
ord_000812,cus_0433,2026-05-04T21:29:53+05:30,sku_FAS_003,FASHION,2,COD,2990.00,667775,
ord_000813,cus_0199,2026-05-04T22:59:32+05:30,sku_FAS_005,FASHION,1,PREPAID,1254.00,761872,
ord_000814,cus_0014,2026-05-05T08:59:52+05:30,sku_FAS_001,FASHION,2,COD,2980.00,478303,
ord_000815,cus_0259,2026-05-05T12:52:26+05:30,sku_BEA_003,BEAUTY,1,PREPAID,519.00,439879,
ord_000816,cus_0314,2026-05-05T22:53:18+05:30,sku_LIF_008,LIFESTYLE,1,PREPAID,537.00,200681,
ord_000817,cus_0068,2026-05-05T23:45:43+05:30,sku_FAS_002,FASHION,1,PREPAID,405.00,118138,
ord_000818,cus_0046,2026-05-06T04:35:41+05:30,sku_LIF_011,LIFESTYLE,1,PREPAID,532.00,280772,
ord_000819,cus_0421,2026-05-06T07:01:54+05:30,sku_BEA_025,BEAUTY,1,COD,505.00,673268,
ord_000820,cus_0274,2026-05-06T09:29:09+05:30,sku_ELE_006,ELECTRONICS,1,PARTIAL_COD,1697.00,317082,
ord_scn_02,cus_scn_02,2026-05-06T10:00:00+05:30,sku_scn_FAS,FASHION,1,COD,1499.00,431651,
ord_000821,cus_0270,2026-05-07T01:03:40+05:30,sku_LIF_007,LIFESTYLE,1,COD,1444.00,439879,
ord_000822,cus_0418,2026-05-07T07:03:32+05:30,sku_FAS_015,FASHION,1,COD,1212.00,511903,
ord_000823,cus_0161,2026-05-07T08:39:08+05:30,sku_FAS_011,FASHION,1,PREPAID,685.00,739612,
ord_000824,cus_0195,2026-05-07T10:15:48+05:30,sku_BEA_012,BEAUTY,1,PREPAID,267.00,359266,
ord_000825,cus_0104,2026-05-07T12:19:08+05:30,sku_FAS_003,FASHION,2,PREPAID,2162.00,583341,
ord_000826,cus_0030,2026-05-07T16:53:47+05:30,sku_FAS_011,FASHION,1,PREPAID,643.00,140317,
ord_000827,cus_0240,2026-05-07T22:53:40+05:30,sku_BEA_010,BEAUTY,1,COD,318.00,439879,
ord_000828,cus_0123,2026-05-08T00:41:18+05:30,sku_FAS_002,FASHION,1,PREPAID,912.00,373290,
ord_000829,cus_0125,2026-05-08T02:52:56+05:30,sku_ELE_012,ELECTRONICS,2,COD,7336.00,551386,
ord_000830,cus_0431,2026-05-08T03:26:49+05:30,sku_FAS_004,FASHION,1,PREPAID,629.00,678137,
ord_000831,cus_0319,2026-05-08T08:27:31+05:30,sku_FAS_001,FASHION,1,COD,767.00,454800,
ord_000832,cus_0214,2026-05-08T12:36:03+05:30,sku_LIF_016,LIFESTYLE,2,COD,610.00,667775,
ord_000833,cus_0299,2026-05-08T15:46:44+05:30,sku_ELE_001,ELECTRONICS,1,COD,5017.00,758397,
ord_000834,cus_0243,2026-05-09T03:28:56+05:30,sku_FAS_001,FASHION,1,COD,751.00,583341,
ord_000835,cus_0019,2026-05-09T04:08:04+05:30,sku_FAS_012,FASHION,1,COD,1018.00,541242,
ord_000836,cus_0236,2026-05-09T05:02:24+05:30,sku_FAS_005,FASHION,1,PREPAID,730.00,112577,
ord_000837,cus_0333,2026-05-09T06:21:57+05:30,sku_FAS_001,FASHION,1,PREPAID,1738.00,265368,
ord_000838,cus_0393,2026-05-09T08:00:05+05:30,sku_BEA_003,BEAUTY,1,COD,868.00,258546,
ord_000839,cus_0385,2026-05-09T08:34:36+05:30,sku_BEA_005,BEAUTY,1,PREPAID,369.00,345673,
ord_000840,cus_0067,2026-05-09T08:37:06+05:30,sku_BEA_003,BEAUTY,1,PREPAID,831.00,682698,
ord_000841,cus_0346,2026-05-09T11:13:38+05:30,sku_FAS_003,FASHION,1,COD,741.00,478303,
ord_000842,cus_0157,2026-05-09T15:24:02+05:30,sku_FAS_005,FASHION,1,COD,723.00,507014,
ord_000843,cus_0264,2026-05-09T17:37:34+05:30,sku_ELE_003,ELECTRONICS,1,PREPAID,1283.00,207665,
ord_000844,cus_0332,2026-05-09T18:58:19+05:30,sku_ELE_001,ELECTRONICS,1,PREPAID,1139.00,150883,
ord_000845,cus_0177,2026-05-10T18:07:44+05:30,sku_FAS_001,FASHION,1,COD,875.00,431651,
ord_000846,cus_0076,2026-05-10T21:18:14+05:30,sku_BEA_016,BEAUTY,1,COD,587.00,593131,
ord_000847,cus_0039,2026-05-10T21:23:19+05:30,sku_FAS_002,FASHION,1,PREPAID,2052.00,112577,
ord_000848,cus_0127,2026-05-11T02:48:16+05:30,sku_FAS_009,FASHION,1,PREPAID,1067.00,207665,
ord_000849,cus_0038,2026-05-11T02:52:49+05:30,sku_ELE_025,ELECTRONICS,1,PREPAID,3581.00,583341,
ord_000850,cus_0301,2026-05-11T04:08:12+05:30,sku_ELE_011,ELECTRONICS,2,PREPAID,5748.00,739612,
ord_000851,cus_0022,2026-05-11T06:24:08+05:30,sku_FAS_013,FASHION,2,PREPAID,2050.00,508955,
ord_000852,cus_0022,2026-05-11T09:20:30+05:30,sku_ELE_025,ELECTRONICS,1,COD,1474.00,508955,
ord_scn_01,cus_scn_01,2026-05-11T10:00:00+05:30,sku_scn_BEA,BEAUTY,1,PREPAID,649.00,317082,
ord_000853,cus_0156,2026-05-11T18:27:04+05:30,sku_ELE_010,ELECTRONICS,1,PARTIAL_COD,6089.00,565499,
ord_000854,cus_0285,2026-05-11T19:05:26+05:30,sku_FAS_001,FASHION,1,PREPAID,600.00,694506,
ord_000855,cus_0089,2026-05-11T20:36:36+05:30,sku_ELE_003,ELECTRONICS,1,PREPAID,1430.00,447398,
ord_000856,cus_0340,2026-05-12T09:58:08+05:30,sku_LIF_004,LIFESTYLE,1,COD,832.00,778573,
ord_000857,cus_0387,2026-05-12T11:33:48+05:30,sku_FAS_003,FASHION,1,PREPAID,817.00,189144,
ord_000858,cus_0359,2026-05-12T14:52:18+05:30,sku_FAS_013,FASHION,1,COD,1532.00,280772,
ord_000859,cus_0359,2026-05-12T20:48:57+05:30,sku_FAS_016,FASHION,1,PREPAID,607.00,280772,
ord_000860,cus_0351,2026-05-12T23:36:09+05:30,sku_LIF_010,LIFESTYLE,1,COD,520.00,685125,
ord_000861,cus_0341,2026-05-12T23:55:58+05:30,sku_ELE_025,ELECTRONICS,1,PREPAID,4709.00,522841,
ord_000862,cus_0188,2026-05-13T02:10:38+05:30,sku_BEA_005,BEAUTY,1,COD,419.00,583341,
ord_000863,cus_0329,2026-05-13T04:52:23+05:30,sku_ELE_005,ELECTRONICS,1,COD,5025.00,439879,
ord_000864,cus_0161,2026-05-13T05:12:20+05:30,sku_ELE_005,ELECTRONICS,1,PREPAID,4490.00,739612,
ord_000865,cus_0142,2026-05-13T06:36:41+05:30,sku_FAS_011,FASHION,1,PARTIAL_COD,1397.00,583341,
ord_000866,cus_0225,2026-05-13T09:28:32+05:30,sku_FAS_014,FASHION,1,PREPAID,583.00,611466,
ord_000867,cus_0356,2026-05-13T15:16:52+05:30,sku_FAS_003,FASHION,2,COD,974.00,207665,
ord_000868,cus_0064,2026-05-13T17:06:41+05:30,sku_BEA_002,BEAUTY,2,COD,1166.00,258546,
ord_000869,cus_0028,2026-05-14T02:11:45+05:30,sku_FAS_006,FASHION,1,PREPAID,783.00,673268,
ord_000870,cus_0160,2026-05-14T06:38:36+05:30,sku_ELE_014,ELECTRONICS,1,COD,4390.00,377461,
ord_000871,cus_0151,2026-05-14T06:51:23+05:30,sku_LIF_014,LIFESTYLE,2,COD,676.00,673268,
ord_000872,cus_0428,2026-05-14T10:39:52+05:30,sku_LIF_010,LIFESTYLE,1,COD,618.00,184676,
ord_000873,cus_0011,2026-05-14T17:30:18+05:30,sku_ELE_015,ELECTRONICS,1,COD,1481.00,265368,
ord_000874,cus_0297,2026-05-14T17:52:05+05:30,sku_FAS_009,FASHION,1,COD,1630.00,758397,
ord_000875,cus_0168,2026-05-15T00:05:05+05:30,sku_FAS_018,FASHION,2,PREPAID,1664.00,118138,
ord_000876,cus_0240,2026-05-15T04:31:27+05:30,sku_FAS_001,FASHION,1,COD,1422.00,439879,
ord_000877,cus_0157,2026-05-15T06:05:34+05:30,sku_FAS_003,FASHION,1,PREPAID,558.00,507014,
ord_000878,cus_0235,2026-05-15T07:51:04+05:30,sku_ELE_001,ELECTRONICS,2,COD,11262.00,544127,
ord_000879,cus_0094,2026-05-15T13:27:30+05:30,sku_BEA_002,BEAUTY,1,PREPAID,596.00,478303,
ord_000880,cus_0228,2026-05-15T14:43:28+05:30,sku_LIF_001,LIFESTYLE,1,PREPAID,548.00,656870,
ord_000881,cus_0403,2026-05-15T17:03:20+05:30,sku_LIF_004,LIFESTYLE,1,PREPAID,776.00,294634,
ord_000882,cus_0406,2026-05-15T19:59:12+05:30,sku_FAS_007,FASHION,1,COD,1025.00,693045,
ord_000883,cus_0401,2026-05-16T01:57:08+05:30,sku_FAS_010,FASHION,1,PREPAID,1154.00,717397,
ord_000884,cus_0442,2026-05-16T03:42:47+05:30,sku_BEA_005,BEAUTY,1,PREPAID,536.00,461738,
ord_000885,cus_0150,2026-05-16T07:03:38+05:30,sku_ELE_007,ELECTRONICS,1,COD,4956.00,461474,
ord_000886,cus_0239,2026-05-16T15:15:06+05:30,sku_LIF_021,LIFESTYLE,1,PREPAID,373.00,207665,
ord_000887,cus_0344,2026-05-16T16:38:47+05:30,sku_BEA_014,BEAUTY,1,PREPAID,604.00,454800,
ord_000888,cus_0099,2026-05-16T22:56:56+05:30,sku_FAS_003,FASHION,1,COD,573.00,280772,
ord_000889,cus_0431,2026-05-17T01:17:11+05:30,sku_FAS_010,FASHION,1,COD,555.00,678137,
ord_000890,cus_0116,2026-05-17T05:40:06+05:30,sku_LIF_001,LIFESTYLE,1,PREPAID,832.00,460352,
ord_000891,cus_0160,2026-05-17T06:14:45+05:30,sku_ELE_025,ELECTRONICS,2,COD,4400.00,377461,
ord_000892,cus_0251,2026-05-17T06:18:35+05:30,sku_FAS_001,FASHION,1,PREPAID,968.00,541242,
ord_000893,cus_0174,2026-05-17T06:29:56+05:30,sku_ELE_012,ELECTRONICS,1,PREPAID,4664.00,795288,
ord_000894,cus_0378,2026-05-17T07:00:13+05:30,sku_FAS_003,FASHION,2,PREPAID,2588.00,607440,
ord_000895,cus_0139,2026-05-17T07:27:03+05:30,sku_LIF_016,LIFESTYLE,1,COD,813.00,452814,
ord_000896,cus_0328,2026-05-17T10:18:22+05:30,sku_FAS_005,FASHION,1,COD,1860.00,551386,
ord_000897,cus_0191,2026-05-17T11:08:36+05:30,sku_FAS_006,FASHION,2,COD,2578.00,701575,
ord_000898,cus_0373,2026-05-17T11:57:49+05:30,sku_FAS_011,FASHION,1,COD,500.00,711206,
ord_000899,cus_0226,2026-05-17T15:11:36+05:30,sku_FAS_005,FASHION,1,PREPAID,378.00,,
ord_000900,cus_0200,2026-05-17T15:50:55+05:30,sku_FAS_003,FASHION,1,COD,788.00,439879,
ord_000901,cus_0241,2026-05-17T21:10:27+05:30,sku_BEA_006,BEAUTY,1,COD,324.00,416852,
ord_000902,cus_0358,2026-05-17T21:14:45+05:30,sku_ELE_003,ELECTRONICS,1,PREPAID,3419.00,795288,
ord_000903,cus_0387,2026-05-18T01:06:28+05:30,sku_FAS_024,FASHION,1,PREPAID,892.00,189144,
ord_000904,cus_0404,2026-05-18T02:38:28+05:30,sku_ELE_004,ELECTRONICS,1,COD,2082.00,728973,
ord_000905,cus_0061,2026-05-18T04:20:55+05:30,sku_FAS_001,FASHION,1,COD,1328.00,265698,
ord_000906,cus_0297,2026-05-18T05:31:13+05:30,sku_FAS_002,FASHION,1,PREPAID,1426.00,758397,
ord_000907,cus_0071,2026-05-18T09:44:30+05:30,sku_ELE_011,ELECTRONICS,1,PREPAID,3006.00,213637,
ord_000908,cus_0078,2026-05-18T10:12:56+05:30,sku_FAS_007,FASHION,1,PREPAID,1032.00,582004,
ord_000909,cus_0118,2026-05-18T18:07:56+05:30,sku_FAS_003,FASHION,1,PREPAID,392.00,265698,
ord_000910,cus_0298,2026-05-19T10:17:02+05:30,sku_LIF_011,LIFESTYLE,1,COD,846.00,265368,
ord_000911,cus_0244,2026-05-19T19:54:48+05:30,sku_LIF_007,LIFESTYLE,1,COD,920.00,213637,
ord_000912,cus_0225,2026-05-19T20:15:51+05:30,sku_FAS_006,FASHION,1,PREPAID,1027.00,611466,
ord_000913,cus_0179,2026-05-19T21:03:02+05:30,sku_FAS_013,FASHION,1,COD,727.00,436711,
ord_000914,cus_0137,2026-05-20T03:10:18+05:30,sku_LIF_015,LIFESTYLE,1,PREPAID,825.00,452814,
ord_000915,cus_0124,2026-05-20T05:44:21+05:30,sku_LIF_005,LIFESTYLE,1,COD,522.00,478303,
ord_000916,cus_0365,2026-05-20T09:41:05+05:30,sku_FAS_001,FASHION,2,COD,1076.00,248409,
ord_000917,cus_0368,2026-05-20T13:36:50+05:30,sku_ELE_001,ELECTRONICS,2,COD,2540.00,565499,
ord_000918,cus_0008,2026-05-20T16:33:55+05:30,sku_FAS_002,FASHION,1,PREPAID,723.00,213637,
ord_000919,cus_0279,2026-05-20T22:52:08+05:30,sku_ELE_005,ELECTRONICS,1,PREPAID,2486.00,461738,
ord_000920,cus_0214,2026-05-21T02:16:20+05:30,sku_LIF_012,LIFESTYLE,1,PREPAID,440.00,667775,
ord_000921,cus_0031,2026-05-21T02:44:00+05:30,sku_BEA_008,BEAUTY,1,COD,646.00,567918,
ord_000922,cus_0141,2026-05-21T03:42:25+05:30,sku_BEA_012,BEAUTY,1,COD,1052.00,491864,
ord_000923,cus_0005,2026-05-21T04:20:38+05:30,sku_FAS_020,FASHION,1,COD,1500.00,345280,
ord_000924,cus_0390,2026-05-21T05:24:57+05:30,sku_BEA_010,BEAUTY,1,COD,856.00,678137,
ord_000925,cus_0038,2026-05-21T06:01:25+05:30,sku_ELE_001,ELECTRONICS,1,COD,1701.00,583341,
ord_000926,cus_0136,2026-05-21T12:22:47+05:30,sku_LIF_005,LIFESTYLE,1,COD,626.00,213637,
ord_000927,cus_0247,2026-05-21T17:59:00+05:30,sku_LIF_012,LIFESTYLE,1,PREPAID,1350.00,717397,
ord_000928,cus_0036,2026-05-21T19:25:16+05:30,sku_BEA_005,BEAUTY,1,COD,431.00,742787,
ord_000929,cus_0179,2026-05-22T08:26:23+05:30,sku_FAS_015,FASHION,1,COD,1754.00,436711,
ord_000930,cus_0387,2026-05-22T13:15:10+05:30,sku_FAS_012,FASHION,1,PREPAID,1204.00,189144,
ord_000931,cus_0297,2026-05-22T23:46:12+05:30,sku_FAS_005,FASHION,1,COD,1426.00,758397,
ord_000932,cus_0037,2026-05-23T01:04:40+05:30,sku_BEA_004,BEAUTY,1,PREPAID,339.00,258546,
ord_000933,cus_0054,2026-05-23T02:55:36+05:30,sku_ELE_003,ELECTRONICS,1,COD,3361.00,461474,
ord_000934,cus_0415,2026-05-23T03:14:49+05:30,sku_BEA_025,BEAUTY,1,COD,764.00,207665,
ord_000935,cus_0300,2026-05-23T13:24:59+05:30,sku_ELE_015,ELECTRONICS,1,PREPAID,2197.00,522737,
ord_000936,cus_0141,2026-05-24T03:20:04+05:30,sku_LIF_004,LIFESTYLE,1,PREPAID,863.00,491864,
ord_000937,cus_0369,2026-05-24T09:46:47+05:30,sku_ELE_001,ELECTRONICS,1,PREPAID,3015.00,711206,
ord_000938,cus_0249,2026-05-24T10:28:48+05:30,sku_BEA_001,BEAUTY,2,PREPAID,484.00,536077,
ord_000939,cus_0404,2026-05-24T11:05:31+05:30,sku_FAS_015,FASHION,1,PREPAID,891.00,728973,
ord_000940,cus_0394,2026-05-24T11:39:05+05:30,sku_FAS_009,FASHION,1,COD,926.00,465238,
ord_000941,cus_0440,2026-05-24T11:48:30+05:30,sku_FAS_022,FASHION,1,PREPAID,1446.00,431662,
ord_000942,cus_0281,2026-05-24T14:22:07+05:30,sku_FAS_007,FASHION,2,PREPAID,2110.00,306665,
ord_000943,cus_0139,2026-05-25T03:48:18+05:30,sku_LIF_008,LIFESTYLE,1,COD,682.00,452814,
ord_000944,cus_0013,2026-05-25T06:27:06+05:30,sku_BEA_007,BEAUTY,1,PREPAID,107.00,373290,
ord_000945,cus_0097,2026-05-25T08:55:04+05:30,sku_FAS_002,FASHION,1,PARTIAL_COD,2761.00,207665,
ord_000946,cus_0113,2026-05-25T11:18:32+05:30,sku_ELE_001,ELECTRONICS,1,COD,2035.00,718428,
ord_000947,cus_0137,2026-05-25T12:32:55+05:30,sku_LIF_005,LIFESTYLE,1,COD,232.00,452814,
ord_000948,cus_0090,2026-05-25T13:27:43+05:30,sku_LIF_013,LIFESTYLE,1,COD,428.00,682698,
ord_000949,cus_0288,2026-05-25T13:58:30+05:30,sku_FAS_003,FASHION,1,PREPAID,665.00,285836,
ord_000950,cus_0102,2026-05-25T18:39:09+05:30,sku_BEA_025,BEAUTY,1,PREPAID,772.00,587467,
ord_000951,cus_0077,2026-05-25T19:38:49+05:30,sku_ELE_017,ELECTRONICS,1,PREPAID,3254.00,567918,
ord_000952,cus_0014,2026-05-26T03:47:51+05:30,sku_FAS_004,FASHION,1,COD,1029.00,478303,
ord_000953,cus_0061,2026-05-26T05:24:08+05:30,sku_FAS_008,FASHION,1,COD,926.00,265698,
ord_000954,cus_0127,2026-05-27T01:49:01+05:30,sku_FAS_025,FASHION,2,COD,1730.00,207665,
ord_000955,cus_0272,2026-05-27T09:01:07+05:30,sku_LIF_003,LIFESTYLE,1,PREPAID,627.00,345673,
ord_000956,cus_0121,2026-05-27T10:23:34+05:30,sku_ELE_003,ELECTRONICS,1,PREPAID,2332.00,373290,
ord_000957,cus_0145,2026-05-27T14:22:39+05:30,sku_BEA_004,BEAUTY,1,COD,682.00,606366,
ord_000958,cus_0107,2026-05-27T15:23:54+05:30,sku_ELE_006,ELECTRONICS,1,PREPAID,3577.00,386687,
ord_000959,cus_0378,2026-05-27T17:04:55+05:30,sku_FAS_008,FASHION,1,COD,867.00,607440,
ord_000960,cus_0106,2026-05-27T18:59:08+05:30,sku_LIF_004,LIFESTYLE,1,COD,340.00,265368,
ord_000961,cus_0116,2026-05-27T23:03:09+05:30,sku_FAS_003,FASHION,1,COD,917.00,460352,
ord_000962,cus_0199,2026-05-28T01:31:48+05:30,sku_FAS_021,FASHION,2,PARTIAL_COD,1546.00,761872,
ord_000963,cus_0358,2026-05-28T04:24:49+05:30,sku_FAS_001,FASHION,2,PREPAID,3870.00,795288,
ord_000964,cus_0018,2026-05-28T05:21:02+05:30,sku_FAS_003,FASHION,1,PREPAID,1246.00,785334,
ord_000965,cus_0403,2026-05-28T07:13:35+05:30,sku_FAS_003,FASHION,1,PREPAID,1008.00,294634,
ord_000966,cus_0402,2026-05-28T12:41:33+05:30,sku_FAS_002,FASHION,1,COD,1159.00,431651,
ord_000967,cus_0345,2026-05-28T18:03:47+05:30,sku_LIF_022,LIFESTYLE,1,COD,380.00,319063,
ord_000968,cus_0159,2026-05-28T20:21:06+05:30,sku_FAS_012,FASHION,1,COD,748.00,464710,
ord_000969,cus_0182,2026-05-28T22:42:26+05:30,sku_LIF_014,LIFESTYLE,1,COD,453.00,417062,
ord_000970,cus_0431,2026-05-29T00:52:02+05:30,sku_FAS_003,FASHION,1,PREPAID,1028.00,678137,
ord_000971,cus_0296,2026-05-29T04:47:59+05:30,sku_LIF_018,LIFESTYLE,1,COD,647.00,359266,
ord_000972,cus_0204,2026-05-29T10:59:40+05:30,sku_FAS_004,FASHION,1,PREPAID,775.00,532921,
ord_000973,cus_0047,2026-05-29T13:23:02+05:30,sku_FAS_011,FASHION,1,COD,562.00,478303,
ord_000974,cus_0132,2026-05-29T16:52:38+05:30,sku_FAS_001,FASHION,1,COD,694.00,491864,
ord_000975,cus_0309,2026-05-29T17:16:25+05:30,sku_BEA_008,BEAUTY,1,COD,669.00,345673,
ord_000976,cus_0024,2026-05-29T18:28:20+05:30,sku_ELE_007,ELECTRONICS,1,COD,1652.00,667775,
ord_000977,cus_0020,2026-05-29T21:50:09+05:30,sku_FAS_007,FASHION,1,COD,1325.00,112577,
ord_000978,cus_0330,2026-05-29T22:50:46+05:30,sku_BEA_008,BEAUTY,1,PREPAID,336.00,711206,
ord_000979,cus_0439,2026-05-30T12:26:30+05:30,sku_LIF_017,LIFESTYLE,1,PREPAID,566.00,667775,
ord_000980,cus_0070,2026-05-30T13:52:27+05:30,sku_FAS_005,FASHION,1,PREPAID,870.00,673268,
ord_000981,cus_0076,2026-05-30T20:21:43+05:30,sku_ELE_001,ELECTRONICS,2,COD,7394.00,593131,
ord_000982,cus_0019,2026-05-31T05:58:32+05:30,sku_FAS_022,FASHION,1,PREPAID,651.00,541242,
ord_000983,cus_0038,2026-05-31T12:18:26+05:30,sku_ELE_009,ELECTRONICS,1,PREPAID,3193.00,583341,
ord_000984,cus_0266,2026-05-31T14:32:02+05:30,sku_BEA_005,BEAUTY,1,COD,266.00,551386,
ord_000985,cus_0315,2026-05-31T16:01:27+05:30,sku_FAS_003,FASHION,1,COD,777.00,460352,
ord_000986,cus_0062,2026-05-31T16:45:48+05:30,sku_LIF_001,LIFESTYLE,1,COD,808.00,118138,
ord_000987,cus_0215,2026-05-31T17:08:40+05:30,sku_LIF_005,LIFESTYLE,1,PREPAID,522.00,207665,
ord_000988,cus_0428,2026-05-31T19:27:39+05:30,sku_BEA_023,BEAUTY,1,PREPAID,333.00,184676,
ord_000989,cus_0416,2026-05-31T20:50:23+05:30,sku_BEA_005,BEAUTY,2,PREPAID,966.00,177058,
ord_000990,cus_0054,2026-05-31T22:21:44+05:30,sku_ELE_006,ELECTRONICS,1,COD,1700.00,461474,
ord_000991,cus_0354,2026-06-01T01:56:40+05:30,sku_FAS_003,FASHION,1,PREPAID,1260.00,213637,
ord_000992,cus_0032,2026-06-01T05:08:39+05:30,sku_ELE_007,ELECTRONICS,1,PREPAID,1587.00,508955,
ord_000993,cus_0425,2026-06-01T08:25:12+05:30,sku_LIF_008,LIFESTYLE,1,COD,357.00,796809,
ord_000994,cus_0387,2026-06-01T09:12:06+05:30,sku_FAS_003,FASHION,1,PREPAID,1199.00,189144,
ord_000995,cus_0292,2026-06-01T10:55:29+05:30,sku_FAS_002,FASHION,1,PREPAID,1782.00,112577,
ord_000996,cus_0386,2026-06-01T10:56:43+05:30,sku_ELE_006,ELECTRONICS,1,COD,2410.00,739612,
ord_000997,cus_0263,2026-06-01T14:03:21+05:30,sku_FAS_020,FASHION,1,COD,1047.00,439879,
ord_000998,cus_0432,2026-06-01T16:12:11+05:30,sku_FAS_002,FASHION,1,PREPAID,938.00,417062,
ord_000999,cus_0322,2026-06-01T21:29:50+05:30,sku_ELE_003,ELECTRONICS,2,PREPAID,5224.00,140317,
ord_001000,cus_0139,2026-06-01T22:22:17+05:30,sku_LIF_002,LIFESTYLE,1,COD,534.00,452814,
ord_001001,cus_0152,2026-06-02T00:26:46+05:30,sku_LIF_017,LIFESTYLE,2,COD,1068.00,207665,
ord_001002,cus_0144,2026-06-02T03:03:30+05:30,sku_FAS_004,FASHION,1,PARTIAL_COD,1562.00,293711,
ord_001003,cus_0128,2026-06-02T04:29:26+05:30,sku_BEA_003,BEAUTY,2,COD,880.00,598445,
ord_001004,cus_0081,2026-06-02T09:52:43+05:30,sku_FAS_003,FASHION,1,PARTIAL_COD,637.00,511903,
ord_001005,cus_0204,2026-06-02T15:33:57+05:30,sku_FAS_017,FASHION,2,COD,1546.00,532921,
ord_001006,cus_0122,2026-06-02T16:56:52+05:30,sku_FAS_008,FASHION,1,PREPAID,554.00,567918,
ord_001007,cus_0057,2026-06-02T19:58:18+05:30,sku_FAS_023,FASHION,1,COD,2199.00,371816,
ord_001008,cus_0172,2026-06-02T20:05:54+05:30,sku_FAS_018,FASHION,1,COD,1187.00,607440,
ord_001009,cus_0199,2026-06-03T10:50:32+05:30,sku_FAS_012,FASHION,1,COD,834.00,,
ord_001010,cus_0050,2026-06-03T11:35:21+05:30,sku_LIF_002,LIFESTYLE,2,PREPAID,1090.00,728973,
ord_001011,cus_0172,2026-06-03T14:15:40+05:30,sku_LIF_008,LIFESTYLE,1,COD,634.00,607440,
ord_001012,cus_0165,2026-06-03T18:02:51+05:30,sku_ELE_014,ELECTRONICS,1,COD,1723.00,454800,
ord_001013,cus_0054,2026-06-03T20:36:06+05:30,sku_LIF_010,LIFESTYLE,1,COD,1241.00,461474,
ord_001014,cus_0292,2026-06-04T03:49:28+05:30,sku_FAS_007,FASHION,1,COD,1247.00,112577,
ord_001015,cus_0281,2026-06-04T08:07:19+05:30,sku_FAS_005,FASHION,1,COD,685.00,306665,
ord_001016,cus_0158,2026-06-04T14:14:05+05:30,sku_FAS_011,FASHION,1,PREPAID,1715.00,461474,
ord_001017,cus_0312,2026-06-04T21:25:15+05:30,sku_ELE_001,ELECTRONICS,2,COD,5318.00,278689,
ord_001018,cus_0163,2026-06-04T23:30:26+05:30,sku_LIF_007,LIFESTYLE,1,PREPAID,590.00,436711,
ord_001019,cus_0158,2026-06-05T04:47:35+05:30,sku_FAS_001,FASHION,1,COD,766.00,461474,
ord_001020,cus_0065,2026-06-05T22:46:14+05:30,sku_FAS_011,FASHION,1,COD,985.00,795288,
ord_001021,cus_0406,2026-06-06T05:20:00+05:30,sku_FAS_002,FASHION,1,PREPAID,946.00,693045,
ord_001022,cus_0305,2026-06-06T07:33:01+05:30,sku_LIF_009,LIFESTYLE,1,PREPAID,939.00,461738,
ord_001023,cus_0202,2026-06-06T10:17:23+05:30,sku_FAS_011,FASHION,1,PARTIAL_COD,943.00,742787,
ord_001024,cus_0115,2026-06-06T14:51:09+05:30,sku_FAS_008,FASHION,1,COD,1026.00,758397,
ord_001025,cus_0072,2026-06-06T17:07:19+05:30,sku_LIF_004,LIFESTYLE,1,PREPAID,799.00,220534,
ord_001026,cus_0180,2026-06-06T18:49:38+05:30,sku_BEA_002,BEAUTY,1,COD,482.00,785334,
ord_001027,cus_0199,2026-06-07T04:13:25+05:30,sku_FAS_011,FASHION,2,COD,1416.00,761872,
ord_001028,cus_0179,2026-06-07T08:56:51+05:30,sku_FAS_006,FASHION,1,PREPAID,1009.00,436711,
ord_001029,cus_0030,2026-06-07T16:19:25+05:30,sku_LIF_008,LIFESTYLE,1,PREPAID,694.00,140317,
ord_001030,cus_0227,2026-06-07T16:21:12+05:30,sku_FAS_005,FASHION,1,COD,1193.00,511903,
ord_001031,cus_0102,2026-06-07T17:08:29+05:30,sku_FAS_006,FASHION,1,COD,1056.00,587467,
ord_001032,cus_0297,2026-06-07T20:22:54+05:30,sku_FAS_003,FASHION,1,COD,671.00,758397,
ord_001033,cus_0331,2026-06-07T20:23:41+05:30,sku_FAS_025,FASHION,1,COD,941.00,134617,
ord_001034,cus_0100,2026-06-08T01:13:36+05:30,sku_ELE_009,ELECTRONICS,1,COD,2753.00,,
ord_001035,cus_0241,2026-06-08T07:29:30+05:30,sku_BEA_002,BEAUTY,1,COD,449.00,416852,
ord_001036,cus_0195,2026-06-08T14:45:34+05:30,sku_BEA_007,BEAUTY,1,COD,681.00,359266,
ord_001037,cus_0333,2026-06-08T19:01:51+05:30,sku_FAS_009,FASHION,1,COD,3027.00,265368,
ord_001038,cus_0399,2026-06-08T21:17:17+05:30,sku_BEA_001,BEAUTY,1,PREPAID,389.00,645134,
ord_001039,cus_0294,2026-06-08T23:03:37+05:30,sku_ELE_009,ELECTRONICS,1,PREPAID,2698.00,431662,
ord_001040,cus_0378,2026-06-09T05:14:37+05:30,sku_FAS_004,FASHION,1,COD,4011.00,607440,
ord_001041,cus_0367,2026-06-09T08:23:21+05:30,sku_FAS_001,FASHION,1,COD,306.00,541242,
ord_001042,cus_0342,2026-06-09T14:03:40+05:30,sku_FAS_007,FASHION,1,PREPAID,1236.00,673268,
ord_001043,cus_0106,2026-06-10T05:45:37+05:30,sku_LIF_019,LIFESTYLE,1,COD,390.00,265368,
ord_001044,cus_0098,2026-06-10T08:21:14+05:30,sku_LIF_025,LIFESTYLE,1,COD,1084.00,431651,
ord_001045,cus_0396,2026-06-10T09:12:14+05:30,sku_FAS_004,FASHION,1,COD,1945.00,248409,
ord_001046,cus_0068,2026-06-10T11:47:18+05:30,sku_FAS_009,FASHION,1,PREPAID,589.00,118138,
ord_001047,cus_0095,2026-06-11T01:59:53+05:30,sku_FAS_001,FASHION,2,COD,1128.00,302087,
ord_001048,cus_0344,2026-06-11T05:49:21+05:30,sku_BEA_011,BEAUTY,1,COD,1077.00,454800,
ord_001049,cus_0414,2026-06-11T06:34:19+05:30,sku_FAS_001,FASHION,2,COD,2844.00,189144,
ord_001050,cus_0433,2026-06-11T07:31:45+05:30,sku_BEA_006,BEAUTY,2,COD,928.00,667775,
ord_001051,cus_0039,2026-06-11T14:06:48+05:30,sku_FAS_009,FASHION,1,PARTIAL_COD,480.00,112577,
ord_001052,cus_0221,2026-06-11T16:06:52+05:30,sku_FAS_003,FASHION,2,PREPAID,3134.00,238494,
ord_001053,cus_0285,2026-06-11T19:15:07+05:30,sku_FAS_001,FASHION,1,COD,589.00,694506,
ord_001054,cus_0106,2026-06-12T02:37:40+05:30,sku_FAS_011,FASHION,1,COD,855.00,265368,
ord_001055,cus_0198,2026-06-12T05:36:30+05:30,sku_BEA_007,BEAUTY,1,PREPAID,984.00,189144,
ord_001056,cus_0169,2026-06-12T08:45:38+05:30,sku_LIF_014,LIFESTYLE,1,PREPAID,567.00,242748,
ord_001057,cus_0030,2026-06-12T10:21:44+05:30,sku_FAS_004,FASHION,1,COD,326.00,140317,
ord_001058,cus_0296,2026-06-12T13:08:46+05:30,sku_BEA_001,BEAUTY,1,PREPAID,642.00,359266,
ord_001059,cus_0351,2026-06-12T13:14:27+05:30,sku_LIF_012,LIFESTYLE,1,COD,717.00,685125,
ord_001060,cus_0274,2026-06-12T22:22:06+05:30,sku_ELE_003,ELECTRONICS,1,PREPAID,2897.00,317082,
ord_001061,cus_0127,2026-06-13T02:14:35+05:30,sku_FAS_021,FASHION,1,PREPAID,846.00,207665,
ord_001062,cus_0179,2026-06-13T07:11:50+05:30,sku_FAS_002,FASHION,1,PREPAID,1109.00,436711,
ord_001063,cus_0225,2026-06-13T07:19:35+05:30,sku_FAS_001,FASHION,1,COD,939.00,611466,
ord_001064,cus_0257,2026-06-13T15:29:17+05:30,sku_FAS_002,FASHION,1,PREPAID,385.00,785334,
ord_001065,cus_0421,2026-06-13T21:12:14+05:30,sku_BEA_008,BEAUTY,1,COD,1081.00,673268,
ord_001066,cus_0232,2026-06-13T22:29:11+05:30,sku_LIF_002,LIFESTYLE,2,PREPAID,1850.00,778573,
ord_001067,cus_0088,2026-06-13T22:51:31+05:30,sku_ELE_004,ELECTRONICS,1,COD,2624.00,436711,
ord_001068,cus_0397,2026-06-13T23:19:01+05:30,sku_FAS_012,FASHION,1,PREPAID,973.00,673268,
ord_001069,cus_0112,2026-06-14T00:14:35+05:30,sku_BEA_013,BEAUTY,1,COD,682.00,431651,
ord_001070,cus_0174,2026-06-14T10:44:05+05:30,sku_ELE_011,ELECTRONICS,1,COD,2013.00,795288,
ord_001071,cus_0333,2026-06-14T12:56:36+05:30,sku_FAS_013,FASHION,1,COD,1507.00,265368,
ord_001072,cus_0187,2026-06-14T14:50:43+05:30,sku_ELE_023,ELECTRONICS,1,PREPAID,2058.00,532607,
ord_001073,cus_0091,2026-06-14T15:34:37+05:30,sku_LIF_010,LIFESTYLE,1,COD,461.00,458093,
ord_001074,cus_0313,2026-06-14T16:54:49+05:30,sku_FAS_005,FASHION,1,PREPAID,666.00,278689,
ord_001075,cus_0239,2026-06-14T18:17:32+05:30,sku_LIF_008,LIFESTYLE,1,PREPAID,749.00,207665,
ord_001076,cus_0269,2026-06-14T19:16:26+05:30,sku_BEA_012,BEAUTY,1,COD,1364.00,373290,
ord_001077,cus_0314,2026-06-15T00:58:23+05:30,sku_FAS_025,FASHION,2,COD,2274.00,200681,
ord_001078,cus_0138,2026-06-15T01:30:06+05:30,sku_BEA_007,BEAUTY,1,PREPAID,521.00,280772,
ord_001079,cus_0285,2026-06-15T01:35:04+05:30,sku_FAS_010,FASHION,2,PREPAID,3038.00,694506,
ord_001080,cus_0290,2026-06-15T06:09:19+05:30,sku_LIF_003,LIFESTYLE,1,PARTIAL_COD,1308.00,711206,
ord_001081,cus_0238,2026-06-15T08:21:02+05:30,sku_BEA_005,BEAUTY,1,COD,152.00,173130,
ord_001082,cus_0102,2026-06-15T11:44:00+05:30,sku_FAS_003,FASHION,1,PREPAID,1085.00,587467,
ord_001083,cus_0218,2026-06-15T14:05:02+05:30,sku_FAS_004,FASHION,1,COD,777.00,676562,
ord_001084,cus_0442,2026-06-15T16:10:00+05:30,sku_BEA_001,BEAUTY,1,COD,758.00,461738,
ord_001085,cus_0135,2026-06-15T18:02:32+05:30,sku_FAS_005,FASHION,1,COD,908.00,645134,
ord_001086,cus_0176,2026-06-16T05:29:46+05:30,sku_FAS_006,FASHION,1,COD,972.00,447398,
ord_001087,cus_0154,2026-06-16T05:59:42+05:30,sku_BEA_001,BEAUTY,1,COD,713.00,511903,
ord_001088,cus_0366,2026-06-16T08:32:29+05:30,sku_FAS_002,FASHION,1,PREPAID,320.00,667775,
ord_001089,cus_0124,2026-06-16T14:14:27+05:30,sku_LIF_011,LIFESTYLE,1,COD,932.00,478303,
ord_001090,cus_0226,2026-06-16T18:36:06+05:30,sku_FAS_016,FASHION,1,COD,719.00,173130,
ord_001091,cus_0383,2026-06-16T19:59:42+05:30,sku_FAS_003,FASHION,1,COD,873.00,565499,
ord_001092,cus_0042,2026-06-16T20:38:14+05:30,sku_LIF_004,LIFESTYLE,1,COD,757.00,667775,
ord_001093,cus_0386,2026-06-16T22:03:50+05:30,sku_BEA_003,BEAUTY,1,COD,1152.00,739612,
ord_001094,cus_0178,2026-06-16T22:57:01+05:30,sku_FAS_002,FASHION,1,COD,1233.00,452814,
ord_001095,cus_0403,2026-06-17T00:36:11+05:30,sku_LIF_010,LIFESTYLE,1,PREPAID,1089.00,294634,
ord_001096,cus_0421,2026-06-17T09:14:29+05:30,sku_BEA_014,BEAUTY,1,COD,427.00,673268,
ord_001097,cus_0350,2026-06-17T13:47:48+05:30,sku_FAS_019,FASHION,1,PREPAID,1204.00,532921,
ord_001098,cus_0146,2026-06-17T14:56:42+05:30,sku_BEA_010,BEAUTY,1,COD,265.00,544127,
ord_001099,cus_0376,2026-06-17T16:58:47+05:30,sku_FAS_006,FASHION,1,PREPAID,1096.00,685125,
ord_001100,cus_0145,2026-06-17T19:17:53+05:30,sku_FAS_001,FASHION,1,COD,501.00,606366,
ord_001101,cus_0230,2026-06-17T21:58:03+05:30,sku_FAS_016,FASHION,1,COD,1181.00,417062,
ord_001102,cus_0302,2026-06-17T22:44:41+05:30,sku_BEA_013,BEAUTY,1,PREPAID,361.00,464710,
ord_001103,cus_0008,2026-06-18T06:50:54+05:30,sku_FAS_005,FASHION,1,PREPAID,402.00,213637,
ord_001104,cus_0323,2026-06-18T13:12:45+05:30,sku_ELE_005,ELECTRONICS,2,COD,2308.00,478303,
ord_001105,cus_0268,2026-06-18T14:19:46+05:30,sku_BEA_007,BEAUTY,1,PREPAID,798.00,598445,
ord_001106,cus_0240,2026-06-18T15:37:09+05:30,sku_ELE_006,ELECTRONICS,1,COD,1819.00,439879,
ord_001107,cus_0212,2026-06-18T19:09:45+05:30,sku_FAS_001,FASHION,1,COD,1562.00,439879,
ord_001108,cus_0424,2026-06-19T01:42:43+05:30,sku_FAS_003,FASHION,1,COD,1071.00,522841,
ord_001109,cus_0226,2026-06-19T03:31:39+05:30,sku_FAS_002,FASHION,1,PREPAID,1318.00,173130,
ord_001110,cus_0326,2026-06-19T04:40:58+05:30,sku_FAS_013,FASHION,1,PREPAID,919.00,694506,
ord_001111,cus_0356,2026-06-19T05:13:23+05:30,sku_ELE_020,ELECTRONICS,1,PREPAID,1709.00,207665,
ord_001112,cus_0205,2026-06-19T10:04:57+05:30,sku_FAS_003,FASHION,1,PREPAID,1108.00,345673,
ord_001113,cus_0131,2026-06-19T13:29:23+05:30,sku_LIF_025,LIFESTYLE,1,COD,598.00,758397,
ord_001114,cus_0035,2026-06-19T15:20:10+05:30,sku_FAS_006,FASHION,1,COD,432.00,113633,
ord_001115,cus_0367,2026-06-19T17:43:36+05:30,sku_FAS_015,FASHION,1,COD,1374.00,541242,
ord_001116,cus_0407,2026-06-19T17:44:38+05:30,sku_BEA_007,BEAUTY,2,COD,2226.00,432828,
ord_001117,cus_0023,2026-06-19T21:54:14+05:30,sku_LIF_015,LIFESTYLE,1,COD,555.00,544127,
ord_001118,cus_0060,2026-06-19T22:47:34+05:30,sku_FAS_021,FASHION,1,PREPAID,462.00,431662,
ord_001119,cus_0066,2026-06-19T23:38:07+05:30,sku_ELE_008,ELECTRONICS,1,COD,2968.00,118138,
ord_001120,cus_0387,2026-06-20T04:35:34+05:30,sku_FAS_006,FASHION,2,PREPAID,1426.00,189144,
ord_001121,cus_0056,2026-06-20T06:59:40+05:30,sku_BEA_004,BEAUTY,2,PREPAID,890.00,483376,
ord_001122,cus_0055,2026-06-20T11:10:34+05:30,sku_BEA_004,BEAUTY,1,PREPAID,581.00,439879,
ord_001123,cus_0173,2026-06-20T19:47:51+05:30,sku_BEA_011,BEAUTY,2,COD,520.00,607440,
ord_001124,cus_0199,2026-06-21T01:42:11+05:30,sku_FAS_005,FASHION,1,PREPAID,1023.00,761872,
ord_001125,cus_0043,2026-06-21T10:01:19+05:30,sku_BEA_005,BEAUTY,1,PREPAID,785.00,483376,
ord_001126,cus_0236,2026-06-21T14:21:07+05:30,sku_BEA_004,BEAUTY,1,PREPAID,392.00,112577,
ord_001127,cus_0078,2026-06-21T17:18:52+05:30,sku_FAS_025,FASHION,1,PREPAID,1559.00,582004,
ord_001128,cus_0404,2026-06-21T18:33:53+05:30,sku_FAS_005,FASHION,1,PREPAID,1033.00,728973,
ord_001129,cus_0347,2026-06-21T20:38:27+05:30,sku_BEA_005,BEAUTY,1,COD,648.00,598445,
ord_001130,cus_0371,2026-06-22T08:05:51+05:30,sku_LIF_004,LIFESTYLE,1,COD,477.00,220534,
ord_001131,cus_0200,2026-06-22T09:00:55+05:30,sku_FAS_001,FASHION,1,PREPAID,609.00,439879,
ord_001132,cus_0230,2026-06-22T18:31:20+05:30,sku_BEA_005,BEAUTY,1,COD,648.00,417062,
ord_001133,cus_0306,2026-06-22T18:58:21+05:30,sku_LIF_012,LIFESTYLE,2,COD,784.00,460352,
ord_001134,cus_0191,2026-06-23T00:24:00+05:30,sku_FAS_001,FASHION,2,PREPAID,1578.00,,
ord_001135,cus_0187,2026-06-23T00:47:54+05:30,sku_FAS_003,FASHION,1,COD,1078.00,532607,
ord_001136,cus_0155,2026-06-23T01:30:48+05:30,sku_FAS_015,FASHION,1,COD,1245.00,140317,
ord_001137,cus_0424,2026-06-23T04:29:04+05:30,sku_LIF_012,LIFESTYLE,1,COD,753.00,522841,
ord_001138,cus_0205,2026-06-23T09:00:50+05:30,sku_FAS_007,FASHION,1,COD,1180.00,345673,
ord_001139,cus_0207,2026-06-23T18:03:31+05:30,sku_LIF_017,LIFESTYLE,1,PREPAID,1027.00,565499,
ord_001140,cus_0191,2026-06-23T21:54:07+05:30,sku_FAS_010,FASHION,1,PREPAID,448.00,701575,
ord_001141,cus_0135,2026-06-23T22:53:49+05:30,sku_FAS_025,FASHION,2,COD,2064.00,645134,
ord_001142,cus_0213,2026-06-24T12:16:38+05:30,sku_LIF_023,LIFESTYLE,1,PREPAID,558.00,278689,
ord_001143,cus_0234,2026-06-24T22:13:02+05:30,sku_FAS_005,FASHION,1,COD,640.00,373290,
ord_001144,cus_0044,2026-06-25T01:02:34+05:30,sku_FAS_003,FASHION,1,COD,641.00,148311,
ord_001145,cus_0310,2026-06-25T04:09:38+05:30,sku_FAS_024,FASHION,2,COD,1648.00,439879,
ord_001146,cus_0066,2026-06-25T08:10:21+05:30,sku_ELE_010,ELECTRONICS,1,COD,1876.00,118138,
ord_001147,cus_0145,2026-06-25T08:48:08+05:30,sku_LIF_001,LIFESTYLE,1,COD,763.00,606366,
ord_001148,cus_0011,2026-06-25T12:13:30+05:30,sku_FAS_010,FASHION,1,PREPAID,942.00,265368,
ord_001149,cus_0250,2026-06-25T22:56:51+05:30,sku_FAS_024,FASHION,1,PREPAID,925.00,673280,
ord_001150,cus_0035,2026-06-26T03:29:56+05:30,sku_LIF_001,LIFESTYLE,1,COD,584.00,113633,
ord_001151,cus_0154,2026-06-26T03:47:29+05:30,sku_BEA_017,BEAUTY,1,COD,765.00,511903,
ord_001152,cus_0350,2026-06-26T15:43:09+05:30,sku_FAS_003,FASHION,1,COD,823.00,532921,
ord_001153,cus_0140,2026-06-26T16:07:53+05:30,sku_ELE_025,ELECTRONICS,1,COD,2253.00,606366,
ord_001154,cus_0230,2026-06-26T16:09:05+05:30,sku_BEA_001,BEAUTY,1,PREPAID,881.00,417062,
ord_001155,cus_0248,2026-06-26T18:36:28+05:30,sku_BEA_005,BEAUTY,1,COD,566.00,417062,
ord_001156,cus_0253,2026-06-26T22:14:39+05:30,sku_LIF_025,LIFESTYLE,1,PREPAID,629.00,364963,
ord_001157,cus_0287,2026-06-26T23:18:26+05:30,sku_ELE_001,ELECTRONICS,2,COD,1894.00,386687,
ord_001158,cus_0063,2026-06-27T01:13:15+05:30,sku_BEA_001,BEAUTY,1,PREPAID,608.00,464710,
ord_001159,cus_0135,2026-06-27T02:29:56+05:30,sku_FAS_005,FASHION,2,PREPAID,688.00,645134,
ord_001160,cus_0232,2026-06-27T05:10:50+05:30,sku_FAS_008,FASHION,1,COD,610.00,778573,
ord_001161,cus_0010,2026-06-27T05:45:58+05:30,sku_LIF_012,LIFESTYLE,1,PREPAID,1094.00,332892,
ord_001162,cus_0024,2026-06-27T10:14:25+05:30,sku_ELE_002,ELECTRONICS,1,COD,3576.00,667775,
ord_001163,cus_0343,2026-06-27T11:27:36+05:30,sku_FAS_002,FASHION,2,PREPAID,1224.00,565499,
ord_001164,cus_0318,2026-06-27T14:25:35+05:30,sku_FAS_025,FASHION,1,COD,2401.00,317082,
ord_001165,cus_0439,2026-06-27T15:15:25+05:30,sku_BEA_010,BEAUTY,1,PREPAID,766.00,667775,
ord_001166,cus_0410,2026-06-27T17:52:09+05:30,sku_FAS_001,FASHION,1,COD,378.00,553829,
ord_001167,cus_0416,2026-06-27T19:24:47+05:30,sku_FAS_001,FASHION,1,COD,1615.00,177058,
ord_001168,cus_0120,2026-06-28T05:52:55+05:30,sku_BEA_001,BEAUTY,1,PREPAID,570.00,139058,
ord_001169,cus_0005,2026-06-28T14:32:42+05:30,sku_LIF_007,LIFESTYLE,1,PREPAID,712.00,345280,
ord_001170,cus_0142,2026-06-28T15:25:36+05:30,sku_ELE_010,ELECTRONICS,1,PREPAID,2074.00,583341,
ord_001171,cus_0387,2026-06-28T17:06:42+05:30,sku_FAS_009,FASHION,2,COD,3008.00,189144,
ord_001172,cus_0129,2026-06-28T18:27:12+05:30,sku_ELE_003,ELECTRONICS,2,PREPAID,2760.00,511903,
ord_001173,cus_0118,2026-06-28T20:12:25+05:30,sku_LIF_001,LIFESTYLE,1,PREPAID,765.00,265698,
ord_001174,cus_0106,2026-06-28T21:59:37+05:30,sku_LIF_013,LIFESTYLE,1,COD,499.00,265368,
ord_001175,cus_0242,2026-06-29T00:02:06+05:30,sku_FAS_003,FASHION,2,PREPAID,1482.00,728973,
ord_001176,cus_0004,2026-06-29T04:38:26+05:30,sku_BEA_001,BEAUTY,1,COD,574.00,319063,
ord_001177,cus_0389,2026-06-29T08:12:58+05:30,sku_ELE_009,ELECTRONICS,1,PREPAID,2428.00,701575,
ord_001178,cus_0012,2026-06-29T09:49:17+05:30,sku_FAS_003,FASHION,1,PREPAID,779.00,371816,
ord_001179,cus_0285,2026-06-29T10:36:19+05:30,sku_FAS_013,FASHION,2,COD,3294.00,694506,
ord_001180,cus_0098,2026-06-29T11:53:53+05:30,sku_BEA_009,BEAUTY,1,PREPAID,749.00,431651,
ord_001181,cus_0069,2026-06-29T21:25:29+05:30,sku_BEA_001,BEAUTY,1,PREPAID,424.00,656870,
ord_001182,cus_0420,2026-06-29T21:27:16+05:30,sku_BEA_018,BEAUTY,1,COD,505.00,285836,
